lng,lat
152.4182,-24.7705
152.4683,-24.8483
152.4548,-24.805999999999997
142.293,-10.7191
152.4683,-24.8483
152.4548,-24.805999999999997
142.293,-10.7191
152.4548,-24.805999999999997
152.4548,-24.805999999999997
152.4548,-24.805999999999997
152.4548,-24.805999999999997
152.4548,-24.805999999999997
152.4548,-24.805999999999997
152.4548,-24.805999999999997
152.4182,-24.7705
152.4548,-24.805999999999997
152.4548,-24.805999999999997
152.4683,-24.8483
152.4182,-24.7705
152.4683,-24.8483
152.4182,-24.7705
152.4683,-24.8483
152.4548,-24.805999999999997
152.4367,-24.7914
152.4548,-24.805999999999997
152.4563,-24.8048
152.4548,-24.805999999999997
152.4182,-24.7705
152.4563,-24.8048
152.4367,-24.7914
152.4548,-24.805999999999997
152.4548,-24.805999999999997
152.4563,-24.8048
152.4548,-24.805999999999997
152.4182,-24.7705
152.4548,-24.805999999999997
152.4548,-24.805999999999997
152.4548,-24.805999999999997
152.4548,-24.805999999999997
152.4548,-24.805999999999997
152.4548,-24.805999999999997
152.4683,-24.8483
152.4367,-24.7914
152.4548,-24.805999999999997
152.4548,-24.805999999999997
152.4563,-24.8048
152.4548,-24.805999999999997
152.4548,-24.805999999999997
152.4548,-24.805999999999997
152.4367,-24.7914
152.4367,-24.7914
152.4548,-24.805999999999997
152.4548,-24.805999999999997
152.4563,-24.8048
152.4548,-24.805999999999997
152.4367,-24.7914
152.4548,-24.805999999999997
152.4548,-24.805999999999997
152.4367,-24.7914
152.4367,-24.7914
152.4333,-24.7983
152.4367,-24.7914
152.4548,-24.805999999999997
152.4333,-24.7983
152.4548,-24.805999999999997
152.4548,-24.805999999999997
152.4367,-24.7914
152.4367,-24.7914
152.4548,-24.805999999999997
152.4646,-24.8223
152.4367,-24.7914
152.4367,-24.7914
152.4367,-24.7914
152.4367,-24.7914
152.4646,-24.8223
152.4367,-24.7914
152.4367,-24.7914
152.4646,-24.8223
152.4367,-24.7914
152.4367,-24.7914
152.4367,-24.7914
152.4563,-24.8048
152.4367,-24.7914
152.4367,-24.7914
152.4367,-24.7914
152.4367,-24.7914
152.4367,-24.7914
152.4548,-24.805999999999997
152.4646,-24.8223
152.4367,-24.7914
152.4646,-24.8223
152.4367,-24.7914
152.4367,-24.7914
152.4548,-24.805999999999997
152.4646,-24.8223
152.4646,-24.8223
152.4367,-24.7914
152.4367,-24.7914
152.4367,-24.7914
152.4646,-24.8223
152.4567,-24.825
152.4646,-24.8223
152.4333,-24.7983
152.4646,-24.8223
152.4646,-24.8223
152.4646,-24.8223
152.4646,-24.8223
152.4646,-24.8223
152.4646,-24.8223
152.4367,-24.7914
152.4646,-24.8223
152.4367,-24.7914
152.4367,-24.7914
152.4646,-24.8223
152.4646,-24.8223
152.4367,-24.7914
152.4717,-24.87
152.4333,-24.7983
152.4367,-24.7914
152.4367,-24.7914
152.4646,-24.8223
152.4367,-24.7914
152.4646,-24.8223
152.4646,-24.8223
152.4646,-24.8223
152.4646,-24.8223
152.4928,-24.9204
152.4646,-24.8223
152.4333,-24.7983
152.4646,-24.8223
152.4717,-24.87
152.4646,-24.8223
152.4367,-24.7914
152.4811,-24.866999999999997
152.4567,-24.825
152.4646,-24.8223
152.4567,-24.825
152.4646,-24.8223
152.4646,-24.8223
152.4367,-24.7914
152.4646,-24.8223
152.4811,-24.866999999999997
152.4646,-24.8223
152.4646,-24.8223
152.4333,-24.7983
152.4717,-24.87
152.4646,-24.8223
152.4172,-24.7721
152.4811,-24.866999999999997
152.4646,-24.8223
152.4172,-24.7721
152.4172,-24.7721
152.4646,-24.8223
152.4172,-24.7721
152.4811,-24.866999999999997
152.4717,-24.87
152.4928,-24.9204
152.4928,-24.9204
152.4646,-24.8223
152.4567,-24.825
152.4567,-24.825
152.4567,-24.825
152.4717,-24.87
152.4646,-24.8223
152.4928,-24.9204
152.4567,-24.825
152.4624,-24.8154
152.4646,-24.8223
152.4172,-24.7721
152.4172,-24.7721
152.4172,-24.7721
152.4333,-24.7983
152.4172,-24.7721
152.4172,-24.7721
152.4928,-24.9204
152.4624,-24.8154
152.4811,-24.866999999999997
152.4172,-24.7721
152.4172,-24.7721
152.4172,-24.7721
152.4624,-24.8154
152.4928,-24.9204
152.4172,-24.7721
152.4717,-24.87
152.4624,-24.8154
152.4624,-24.8154
152.4624,-24.8154
152.4172,-24.7721
152.4567,-24.825
152.4717,-24.87
152.4624,-24.8154
152.4172,-24.7721
152.4172,-24.7721
152.4172,-24.7721
152.4646,-24.8223
152.4624,-24.8154
152.4624,-24.8154
152.4172,-24.7721
152.4624,-24.8154
152.4172,-24.7721
152.4624,-24.8154
152.4632,-24.8133
152.4172,-24.7721
152.4624,-24.8154
152.4624,-24.8154
152.4172,-24.7721
152.4624,-24.8154
152.4172,-24.7721
139.6467,-17.54
143.4013,-12.6799
152.4624,-24.8154
152.4624,-24.8154
152.4624,-24.8154
152.4928,-24.9204
152.4624,-24.8154
152.4624,-24.8154
149.8805,-21.9956
152.4624,-24.8154
152.4928,-24.9204
152.4172,-24.7721
152.4624,-24.8154
152.4624,-24.8154
152.4624,-24.8154
152.4632,-24.8133
152.4624,-24.8154
149.0794,-20.9783
149.8482,-22.002
152.4624,-24.8154
152.4624,-24.8154
152.4632,-24.8133
152.4624,-24.8154
152.4632,-24.8133
152.4624,-24.8154
152.4624,-24.8154
152.4624,-24.8154
152.4624,-24.8154
152.4624,-24.8154
152.4172,-24.7721
149.851,-22.002
149.8667,-22.0
152.4624,-24.8154
149.0794,-20.9783
149.851,-22.002
149.8659,-22.0052
149.8512,-22.0045
152.4632,-24.8133
149.8482,-22.002
143.4013,-12.6799
152.4624,-24.8154
152.4624,-24.8154
149.4725,-20.7451
152.4624,-24.8154
149.843,-22.0054
149.8482,-22.002
149.8805,-21.9956
149.8805,-21.9956
149.878,-21.9927
139.6467,-17.54
152.4624,-24.8154
149.4725,-20.7451
152.4624,-24.8154
152.4632,-24.8133
149.4725,-20.7451
149.8512,-22.0045
149.0794,-20.9783
149.851,-22.002
149.4708,-20.7423
149.0794,-20.9783
149.4655,-20.7356
149.8512,-22.0045
149.4734,-20.7483
149.8482,-22.002
149.851,-22.002
149.878,-21.9927
149.4731,-20.7468
149.8659,-22.0052
149.0794,-20.9783
148.95,-20.15
149.4655,-20.7356
149.843,-22.0054
149.8512,-22.0045
149.8659,-22.0052
152.4624,-24.8154
149.4657,-20.7312
149.8805,-21.9956
149.0254,-20.2566
149.8512,-22.0045
149.843,-22.0054
149.878,-21.9927
150.2545,-22.2032
149.49,-21.8309
149.4662,-20.7288
148.95,-20.15
149.4731,-20.7468
149.05,-20.45
149.849,-22.1493
149.4734,-20.7483
149.4725,-20.7451
149.4657,-20.7312
149.0254,-20.2566
149.8667,-22.0
149.878,-21.9927
149.4657,-20.7312
139.4362,-16.6981
149.4662,-20.7288
139.2872,-16.748
149.8512,-22.0045
139.5958,-17.1347
149.8667,-22.0
148.95,-20.15
149.8659,-22.0052
149.4655,-20.7356
149.4657,-20.7312
148.95,-20.15
139.2872,-16.748
149.4708,-20.7423
149.849,-22.1493
149.05,-20.45
139.5959,-17.134
139.4652,-16.6695
139.4652,-16.6695
149.49,-21.8309
149.0254,-20.2566
139.5959,-17.134
139.4362,-16.6981
149.4657,-20.7312
149.05,-20.45
142.0621,-10.3518
139.2741,-16.2724
139.1622,-16.7453
139.469,-16.5891
149.4655,-20.7356
142.0621,-10.3518
150.2545,-22.2032
149.8667,-22.0
149.4708,-20.7423
139.2741,-16.2724
139.6181,-17.0987
139.2734,-16.2756
139.5958,-17.1347
149.49,-21.8333
139.4652,-16.6695
139.1622,-16.7453
139.6181,-17.0987
139.2734,-16.2756
139.6257,-17.0636
139.2734,-16.2756
139.4725,-16.607
139.3234,-16.7376
149.49,-21.8309
139.4784,-16.6909
139.8083,-16.4917
139.5958,-17.1347
139.5958,-17.1347
139.8083,-16.4917
142.0621,-10.3518
139.4633,-16.6306
149.49,-21.8309
139.4725,-16.607
139.6257,-17.0636
139.6181,-17.0987
139.6136,-17.1415
139.4729,-16.6121
149.4708,-20.7423
139.2873,-16.7364
139.4731,-16.6076
139.8083,-16.4917
139.6136,-17.1415
139.48,-16.6895
139.4825,-16.6915
139.381,-16.6583
139.6289,-16.5349
139.4796,-16.6314
139.4815,-16.6883
139.4493,-16.6365
139.6181,-17.0987
139.6289,-16.5349
139.469,-16.5891
139.2873,-16.7364
139.4729,-16.6121
139.6181,-17.0987
139.2741,-16.2724
139.4519,-16.6689
139.4784,-16.6909
139.4546,-16.6673
139.4825,-16.6915
139.458,-16.6703
139.4633,-16.6306
149.49,-21.8333
139.3234,-16.7376
139.4652,-16.7054
139.4519,-16.6689
139.4723,-16.6268
139.3489,-16.6913
139.5052,-16.5783
139.7111,-16.5335
139.1609,-16.7507
139.4723,-16.6268
139.5487,-16.3931
139.4652,-16.7054
139.4493,-16.6365
139.48,-16.6895
139.458,-16.6703
139.311,-16.7323
139.7712,-16.4422
139.5787,-16.5294
139.4796,-16.6314
139.717,-16.452
139.717,-16.452
139.381,-16.6583
139.5052,-16.5783
139.4731,-16.6076
139.8415,-16.7089
139.311,-16.7323
139.3489,-16.6913
139.5941,-16.5561
139.6181,-17.0987
139.8247,-16.705
139.252,-16.2331
139.252,-16.2331
149.0595,-20.9248
139.4472,-16.67
139.6289,-16.5349
139.85,-16.6667
139.6874,-16.5369
139.85,-16.6667
139.252,-16.2331
139.7111,-16.5335
139.5941,-16.5561
139.4546,-16.6673
139.8415,-16.7089
139.5487,-16.3931
150.77,-22.94
139.3864,-16.7215
149.7167,-21.5117
149.7167,-21.5117
139.6874,-16.5369
139.4472,-16.67
139.5139,-16.5481
150.77,-22.94
139.4815,-16.6883
139.8247,-16.705
139.5139,-16.5481
139.252,-16.2331
149.77100000000002,-21.6024
139.5064,-16.9867
139.5555,-17.0356
139.8247,-16.705
139.7712,-16.4422
139.717,-16.452
149.3199,-21.3329
139.1609,-16.7507
139.4971,-16.9771
141.4812,-15.5008
149.317,-21.3295
139.3864,-16.7215
139.85,-16.6833
139.4916,-16.9817
150.3067,-21.4713
139.5787,-16.5294
139.8406,-16.7109
139.85,-16.6833
139.1421,-16.7622
141.435,-15.6594
139.4916,-16.9817
141.4193,-15.7836
139.8406,-16.7109
139.85,-16.6667
150.3082,-21.4692
139.5555,-17.0356
141.4193,-15.7836
141.4028,-16.0003
149.3207,-21.3256
138.115,-16.6517
139.5064,-16.9867
149.317,-21.3295
150.77,-22.94
149.0595,-20.9248
149.3199,-21.3329
139.1708,-17.2027
139.4971,-16.9771
149.77100000000002,-21.6024
142.7969,-11.155
139.5487,-16.3931
138.4283,-16.7767
139.1421,-16.7622
139.002,-16.8932
139.0365,-16.9303
150.3082,-21.4692
150.77,-22.94
143.532,-12.870999999999999
140.455,-17.6525
150.3077,-21.474
138.0233,-16.5717
139.1775,-17.2168
149.317,-21.3295
149.3207,-21.3256
138.0783,-16.62
141.4812,-15.5008
149.317,-21.3295
138.6317,-16.7717
140.2958,-17.6897
138.976,-16.89
149.3207,-21.3256
149.3207,-21.3256
150.3067,-21.4713
139.85,-16.6833
142.2108,-9.9486
141.5656,-14.7373
140.2958,-17.6897
141.435,-15.6594
141.5656,-14.7373
142.7969,-11.155
139.1472,-17.1087
150.3077,-21.474
148.7322,-20.6491
138.0517,-16.5967
143.532,-12.870999999999999
142.1017,-10.0598
138.0233,-16.5717
141.4028,-16.0003
138.0783,-16.62
138.115,-16.6517
140.9518,-17.1101
139.002,-16.8932
138.976,-16.89
138.0517,-16.5967
138.4802,-16.7817
138.0783,-16.62
138.655,-16.7767
138.7517,-16.835
142.1393,-10.1828
142.0719,-10.124
142.085,-10.1112
142.0829,-10.129
141.5893,-14.8547
138.7517,-16.835
140.31799999999998,-17.6862
140.31799999999998,-17.6862
148.7187,-20.6271
138.115,-16.6517
142.1166,-10.1975
148.7322,-20.6491
139.1708,-17.2027
139.0365,-16.9303
142.1398,-10.1878
142.1054,-10.0671
139.1775,-17.2168
138.6317,-16.7717
138.655,-16.7767
142.1305,-10.1892
141.5893,-14.8547
142.1064,-10.0599
142.1069,-10.0502
142.1175,-10.2455
138.4283,-16.7767
142.1203,-10.0225
142.1507,-10.2125
142.1194,-10.2403
138.9083,-16.8783
142.1111,-10.2403
142.1115,-10.0777
142.1075,-10.0534
138.4802,-16.7817
142.1145,-10.1952
142.1054,-10.058
142.1093,-10.0698
142.1307,-10.195
142.1123,-10.1949
142.1099,-10.1948
142.1102,-10.0753
142.0839,-10.1342
142.1172,-10.2445
138.9083,-16.8783
142.0694,-10.2617
143.217,-11.9851
142.1191,-10.3552
148.7187,-20.6271
139.1472,-17.1087
142.0697,-10.2421
142.1469,-10.187999999999999
142.1222,-10.0176
142.1426,-10.1878
142.0836,-10.131
142.1172,-10.3528
142.1752,-10.2267
142.0899,-10.0879
142.0538,-10.3516
142.1199,-10.2412
142.1086,-10.0689
142.0772,-10.2493
142.1553,-10.2148
142.1182,-10.2432
140.9518,-17.1101
142.1545,-10.2161
142.1174,-10.2393
142.0829,-10.129
142.1669,-10.2098
142.1721,-10.1847
142.1747,-10.179
142.071,-10.2428
142.2086,-9.9635
142.0803,-10.2395
142.085,-10.1112
142.1075,-10.0534
142.1102,-10.0753
142.128,-10.1876
142.1676,-10.1857
142.1084,-10.2493
142.1398,-10.1865
142.0497,-10.3535
142.2108,-9.9486
142.0899,-10.0879
142.0839,-10.1342
142.10399999999998,-10.2363
142.1069,-10.0502
142.1398,-10.1878
143.129,-11.9073
142.0429,-10.3581
142.0617,-10.2321
142.1043,-10.3561
142.1393,-10.1828
142.0695,-10.2596
142.0702,-10.2372
142.1105,-10.2505
143.1074,-11.8952
142.1507,-10.2125
142.1747,-10.179
142.1752,-10.2267
142.1017,-10.0598
142.14600000000002,-10.1878
142.0582,-10.2593
142.1183,-10.2479
142.0613,-10.2644
142.2086,-9.9635
142.1174,-10.2393
142.1222,-10.0176
142.1203,-10.0225
142.1529,-10.2124
142.1183,-10.2479
142.1545,-10.2161
141.5526,-14.3717
142.0719,-10.124
142.1054,-10.0671
142.0697,-10.2421
142.1054,-10.058
142.0836,-10.131
142.1307,-10.195
142.1064,-10.0599
142.9034,-11.8766
142.1105,-10.2505
142.1529,-10.2124
142.0582,-10.2593
142.1084,-10.2493
142.1166,-10.1975
142.1086,-10.0689
142.1553,-10.2148
142.1426,-10.1878
140.455,-17.6525
142.1669,-10.2098
142.1175,-10.2455
142.1093,-10.0698
142.128,-10.1876
139.2873,-17.3473
142.1199,-10.2412
142.1469,-10.187999999999999
142.1145,-10.1952
142.1398,-10.1865
149.8107,-21.9862
142.071,-10.2428
142.1123,-10.1949
142.1305,-10.1892
139.9095,-17.6167
142.1182,-10.2432
139.31,-17.3583
142.14600000000002,-10.1878
142.0695,-10.2596
142.0429,-10.3581
142.1676,-10.1857
142.1191,-10.3552
142.1065,-10.3514
142.0803,-10.2395
142.0613,-10.2644
143.1074,-11.8952
138.3333,-16.7167
142.1099,-10.1948
142.1721,-10.1847
140.1588,-17.7068
149.8107,-21.9862
142.9034,-11.8766
142.0538,-10.3516
142.10399999999998,-10.2363
142.0497,-10.3535
141.5526,-14.3717
143.4417,-9.7783
142.1043,-10.3561
143.217,-11.9851
139.5067,-17.43
149.8132,-21.9901
149.5163,-22.0778
139.8533,-17.6017
142.1115,-10.0777
142.0702,-10.2372
142.0772,-10.2493
149.8132,-21.9901
149.8028,-21.895
142.1194,-10.2403
149.5163,-22.0778
150.1005,-22.0301
139.9095,-17.6167
143.129,-11.9073
142.0617,-10.2321
149.8107,-21.9862
143.4417,-9.7783
150.1005,-22.0301
150.0977,-22.0333
149.8107,-21.9862
138.3333,-16.7167
149.8132,-21.9901
142.0333,-10.8833
139.8533,-17.6017
143.4417,-9.7783
150.0977,-22.0333
139.2873,-17.3473
143.32,-10.1083
142.1172,-10.3528
142.915,-9.8567
143.4083,-9.7533
142.915,-9.8567
142.1065,-10.3514
143.32,-10.1083
142.1111,-10.2403
139.2183,-17.298
149.5163,-22.0778
143.4167,-9.75
140.1588,-17.7068
149.8028,-21.895
142.0333,-10.8832
143.4167,-9.75
142.0819,-10.3254
142.295,-10.7217
142.295,-10.7217
142.15,-10.7333
143.4167,-9.75
142.0333,-10.8833
143.4417,-9.7783
144.0333,-9.95
143.32,-10.1083
139.2183,-17.298
139.5067,-17.43
142.0819,-10.3254
139.31,-17.3583
143.2267,-10.175
142.0333,-10.8832
144.0333,-9.95
142.0333,-10.8833
142.1172,-10.2445
142.7733,-9.905
149.8028,-21.895
149.8132,-21.9901
142.295,-10.7217
143.4167,-9.75
142.5278,-10.685
142.0333,-10.8833
142.15,-10.7167
142.3467,-10.55
142.5278,-10.685
143.8667,-9.4833
142.0333,-10.8833
142.5278,-10.685
142.1183,-11.2417
149.8028,-21.895
142.15,-10.7333
144.0333,-9.95
142.915,-9.8567
142.7733,-9.905
142.4367,-10.4617
143.4083,-9.7533
142.0694,-10.2617
143.8667,-9.4833
143.4083,-9.7533
142.305,-10.5367
142.1183,-11.2417
143.855,-9.4783
143.32,-10.1083
143.2267,-10.175
142.7733,-9.905
142.15,-10.7167
149.5163,-22.0778
142.0533,-10.36
143.855,-9.4783
142.1183,-11.2417
142.345,-10.5533
142.8167,-10.2
142.4483,-10.4617
142.0333,-10.8833
142.0533,-10.36
143.2267,-10.175
142.975,-9.8
142.5278,-10.685
142.345,-10.5533
142.305,-10.5367
143.855,-9.4783
142.3517,-10.5483
142.3467,-10.55
142.3517,-10.5483
143.2267,-10.175
144.0333,-9.95
142.3517,-10.5483
142.2833,-9.5633
142.4367,-10.4617
142.4367,-10.4617
143.8667,-9.4833
142.5083,-10.1617
143.4167,-9.75
142.4483,-10.4617
141.425,-9.825
142.975,-9.8
142.3467,-10.55
143.855,-9.4783
142.305,-10.5367
143.1167,-9.9883
142.0533,-10.36
142.3583,-10.5567
142.2178,-10.5803
143.55,-9.5167
142.345,-10.5533
143.5467,-9.5167
142.5083,-10.1617
142.15,-10.7333
142.5083,-10.1617
142.2833,-9.5633
142.3583,-10.5567
143.325,-9.7667
142.2917,-10.5242
142.2178,-10.5803
142.675,-10.1467
141.4267,-9.8239
142.2833,-9.5633
142.2217,-10.745
142.2217,-10.745
142.15,-10.7167
143.5467,-9.5167
142.125,-10.9817
142.975,-9.8
141.425,-9.825
141.4267,-9.8239
143.2667,-9.7667
142.0233,-10.8517
142.1133,-10.7033
143.55,-9.5167
143.5467,-9.5167
143.2667,-9.7667
143.1167,-9.9883
142.975,-9.8
142.675,-10.1467
142.125,-10.9817
143.2667,-9.7667
142.3583,-10.5567
142.27700000000002,-10.7082
141.425,-9.825
142.0233,-10.8517
142.82,-10.2117
142.4483,-10.4617
142.82,-10.2117
142.125,-10.9817
142.636,-10.5995
143.325,-9.7667
143.55,-9.5167
143.2583,-9.7667
142.355,-10.8467
142.8167,-10.2
142.024,-10.8513
142.4083,-10.7153
142.024,-10.8513
142.82,-10.2117
142.3983,-10.7267
142.25,-10.91
142.3983,-10.7267
142.3984,-10.7248
142.1133,-10.7033
142.0233,-10.8517
142.4883,-10.2367
142.355,-10.8467
142.83,-10.17
142.2217,-10.745
142.8167,-10.2
142.12,-10.0217
143.1167,-9.9883
143.2583,-9.7667
142.1817,-10.7699
142.636,-10.5995
143.55,-9.5167
143.325,-9.7667
142.4883,-10.2367
142.3175,-10.8406
142.675,-10.1467
144.045,-9.9267
142.3984,-10.7248
142.355,-10.8467
142.636,-10.5995
142.024,-10.8513
142.3984,-10.7248
142.83,-10.17
143.2867,-9.5167
143.2583,-9.7667
142.4083,-10.7153
144.045,-9.9267
142.65,-10.6567
144.045,-9.95
142.3175,-10.8406
144.045,-9.95
142.65,-10.6333
143.2867,-9.5167
142.1133,-10.7033
142.27700000000002,-10.7082
143.1167,-9.9883
142.3983,-10.7267
142.65,-10.6333
142.65,-10.6333
144.045,-9.9267
144.045,-9.95
142.1817,-10.7699
142.83,-10.17
144.0267,-9.9417
144.0267,-9.9417
142.68,-10.6433
142.4883,-10.2367
144.0267,-9.9417
142.65,-10.6567
142.4083,-10.7153
143.3967,-9.9567
143.3617,-9.7167
143.1167,-10.055
144.0267,-9.9417
143.1167,-10.055
143.2867,-9.5167
142.3175,-10.8406
142.12,-10.0217
142.25,-10.91
142.4133,-10.255
142.1817,-10.7699
143.4,-9.95
142.2667,-10.1917
143.3967,-9.9567
143.4,-9.95
142.68,-10.6433
143.1083,-10.405
142.68,-10.6433
143.4,-9.95
144.045,-9.9267
144.045,-9.95
143.1083,-10.405
142.4133,-10.255
142.82,-10.1033
142.645,-9.7983
142.8467,-10.0367
142.175,-9.9567
142.8467,-10.0367
142.25,-10.91
142.82,-10.1033
142.4133,-10.255
142.645,-9.7983
142.65,-10.6333
142.85,-10.03
142.65,-10.6567
142.12,-10.0217
142.6167,-10.6
142.85,-10.03
144.0667,-9.9167
142.175,-9.9567
142.65,-10.6333
142.8467,-10.0367
142.2667,-10.1917
141.5679,-9.6117
142.1792,-9.9568
142.65,-10.6567
144.0667,-9.9167
142.6067,-10.6133
144.0667,-9.9167
142.645,-9.7983
143.1167,-10.055
143.3067,-9.8633
142.6143,-10.6098
142.6167,-10.6
143.3333,-10.1383
142.2667,-10.1917
143.1083,-10.405
144.0667,-9.9167
142.65,-10.6333
142.1,-10.295
143.3333,-10.1383
142.6,-10.6167
143.3067,-9.8633
143.4,-9.95
142.615,-10.595
143.3617,-9.7167
143.3067,-9.8633
143.3617,-9.7167
141.5683,-9.61
143.4083,-9.825
142.6143,-10.6098
142.6067,-10.6133
142.175,-9.9567
143.3617,-9.7167
143.4167,-9.8167
142.82,-10.1033
143.4283,-9.6933
143.4083,-9.825
142.6143,-10.6098
143.4167,-9.8167
143.4283,-9.6933
142.1792,-9.9568
142.6167,-10.6
143.4083,-9.825
142.85,-10.03
143.3967,-9.9567
143.4333,-9.6833
141.5683,-9.61
142.6167,-10.6
142.755,-10.66
142.615,-10.595
143.4167,-9.8167
142.755,-10.66
142.2,-10.5617
143.4167,-9.8167
143.3333,-10.1383
143.3067,-9.8633
142.6167,-10.6
142.1543,-10.5657
143.4167,-9.8167
142.1,-10.295
143.4283,-9.6933
142.1567,-10.57
142.215,-10.9233
142.15,-11.0833
142.2,-10.5617
142.615,-10.595
142.6167,-10.6
142.1283,-10.3883
141.5679,-9.6117
142.1543,-10.5657
142.6067,-10.6133
142.215,-10.9233
142.755,-10.66
142.6,-10.6167
142.445,-10.4983
142.2,-10.5617
143.1083,-10.2583
142.1321,-10.374
142.1567,-10.57
142.1567,-10.57
142.1,-10.295
142.1646,-10.5984
143.4333,-9.6833
141.5683,-9.61
142.15,-10.0833
142.65,-9.77
143.4333,-9.6833
142.5324,-10.6842
143.1083,-10.2583
142.5267,-10.685
143.4083,-9.825
142.215,-10.9233
142.445,-10.4983
142.6,-10.6167
144.2167,-9.4
143.4283,-9.6933
142.15,-10.0833
142.5167,-10.1633
143.4333,-9.6833
141.57,-9.52
144.2167,-9.4
143.1083,-10.2583
142.15,-10.0833
142.5267,-10.685
142.1321,-10.374
142.445,-10.4983
142.15,-11.0833
142.3,-10.6083
143.095,-10.5233
144.05,-9.925
141.57,-9.52
142.755,-10.66
142.1321,-10.374
143.03,-9.9983
142.1283,-10.3883
143.0667,-10.5167
142.65,-9.77
143.0667,-10.5167
142.15,-11.0833
142.3711,-10.7634
143.4167,-9.8167
143.7667,-9.5833
142.5167,-10.1633
143.095,-10.5233
142.5267,-10.685
142.075,-10.2367
144.0,-9.5667
143.03,-9.9983
142.3,-10.6083
143.03,-9.9983
141.5704,-9.5192
142.65,-9.77
143.7667,-9.5833
142.3,-10.6083
143.3033,-9.6167
142.37,-10.7683
142.5167,-10.1633
142.3711,-10.7634
142.5324,-10.6842
143.0667,-10.05
142.5324,-10.6842
142.075,-10.2367
142.37,-10.7683
143.0,-10.05
142.5167,-10.1633
142.1283,-10.3883
143.8833,-9.1333
144.0,-9.5667
141.57,-9.52
142.3711,-10.7634
142.1067,-10.3467
142.1646,-10.5984
141.5704,-9.5192
143.4917,-9.5667
142.37,-10.7683
143.3033,-9.6167
143.095,-10.5233
143.0667,-10.05
143.4833,-9.5667
142.65,-9.77
142.7467,-9.8383
143.4917,-9.5667
142.075,-10.2367
143.8833,-9.1333
144.05,-9.925
143.8833,-9.1333
144.05,-9.925
144.05,-9.925
143.4833,-9.5667
142.5324,-10.6842
142.37,-10.7683
142.1517,-11.1283
143.0,-10.05
143.4833,-9.5667
143.095,-10.5233
142.7467,-9.8383
143.875,-9.1417
143.8833,-9.1333
143.4833,-9.8867
143.8833,-9.1333
144.0,-9.5667
143.0,-10.05
142.37,-10.7683
142.1067,-10.3467
143.8833,-9.1333
143.1533,-10.105
143.8833,-9.1333
143.0667,-10.05
142.37,-10.7683
142.82,-10.1483
143.3033,-9.6167
143.875,-9.1417
144.05,-9.925
143.7683,-9.5883
142.1517,-11.1283
143.0667,-10.05
143.8833,-9.1333
143.3917,-9.8717
143.4833,-9.8867
143.7683,-9.5883
143.3917,-9.8717
142.1667,-10.2233
143.8833,-9.1333
141.91,-10.59
143.1533,-10.105
142.82,-10.1483
142.145,-10.125
143.7683,-9.5883
142.7467,-9.8383
143.1533,-10.105
143.4917,-9.5667
143.875,-9.1417
143.4833,-9.8867
143.8833,-9.1333
142.1667,-10.2233
142.1517,-11.1283
143.4917,-9.5667
142.145,-10.125
142.1067,-10.3467
143.3917,-9.8717
143.17,-9.87
142.1717,-10.06
143.875,-9.1417
142.145,-10.125
142.1767,-10.1534
143.17,-9.87
143.8833,-9.1333
142.1623,-10.1836
143.4,-9.8667
143.4833,-9.5667
143.8833,-9.1333
144.1167,-9.3667
142.82,-10.1483
142.165,-10.0617
143.8833,-9.1333
144.1167,-9.3667
143.4,-9.8667
142.37,-10.7167
143.8833,-9.1333
141.91,-10.59
143.8833,-9.1333
141.91,-10.59
141.9096,-10.6058
143.4,-9.8667
142.16,-10.22
142.1583,-10.2167
142.1767,-10.1534
142.5,-10.6133
142.1667,-10.2233
143.3917,-9.8717
142.165,-10.055
142.16,-10.22
142.82,-10.1483
142.5,-10.6133
143.2917,-9.9567
142.1633,-10.215
143.8833,-9.1333
141.9096,-10.6058
143.17,-9.87
142.1633,-10.215
142.1767,-10.1534
143.2917,-9.9567
142.2133,-10.22
142.055,-10.3533
142.5,-10.6133
143.2917,-9.9567
142.3483,-10.8467
142.1623,-10.1836
142.6,-10.7167
143.4,-9.8667
142.21,-9.9567
142.1633,-10.215
142.595,-10.7067
142.1717,-10.06
142.165,-10.055
142.1167,-10.2
143.17,-9.87
142.6117,-10.74
143.2917,-9.9567
142.35,-10.7083
142.2133,-10.22
142.1783,-10.06
142.1767,-10.1534
142.165,-10.0617
142.17,-10.2033
142.21,-10.7667
142.6117,-10.74
142.165,-10.0617
142.0667,-10.225
142.0533,-10.22
142.6117,-10.74
142.165,-10.055
144.1167,-9.3667
142.595,-10.7117
142.2133,-10.22
142.2083,-9.965
142.9717,-10.795
142.1733,-10.2
142.06,-10.2233
142.19,-10.545
142.1283,-10.0283
142.1583,-10.2167
142.6217,-10.7283
142.6217,-10.7283
142.28,-10.6917
142.595,-10.7117
142.1533,-10.2267
142.635,-10.6
142.1583,-10.2167
142.2117,-9.9683
142.1783,-10.06
142.1017,-10.2783
142.1067,-10.3533
142.16,-10.22
142.21,-9.95
142.0933,-10.3283
142.1733,-10.2
142.1783,-10.06
142.0833,-10.245
142.6233,-10.7233
142.635,-10.6
142.1283,-10.0283
142.17,-10.2033
142.0667,-10.225
142.6233,-10.7233
142.06,-10.2233
142.0633,-10.22
142.3867,-10.7717
142.07,-10.2667
142.1717,-10.06
142.0633,-10.22
142.0633,-10.2483
142.175,-10.18
143.125,-10.4667
143.5133,-9.8417
142.1467,-10.2117
142.175,-10.18
142.0933,-10.3283
142.105,-10.3567
143.025,-10.6417
142.18,-10.1683
142.18,-10.1683
142.21,-10.7667
142.06,-10.2233
142.1033,-10.2733
142.105,-10.3567
142.21,-9.95
142.595,-10.7067
142.2117,-9.9683
142.0633,-10.2483
146.4667,-19.0833
142.1467,-10.2117
142.635,-10.6
142.0617,-10.2183
142.1167,-10.2
142.9717,-10.795
142.37,-10.7167
142.35,-10.7083
142.0617,-10.2183
142.3483,-10.8467
142.9717,-10.795
142.3483,-10.8467
142.0533,-10.22
143.025,-10.6417
142.35,-10.7083
142.1533,-10.2267
142.37,-10.7167
142.2083,-9.965
142.175,-10.18
142.21,-10.7667
142.28,-10.6917
142.6233,-10.7233
142.6217,-10.7283
142.21,-9.95
142.18,-10.1683
142.1017,-10.2783
142.595,-10.7067
142.21,-9.9567
147.3902,-19.3041
149.8251,-21.6018
142.1033,-10.2733
142.105,-10.3567
142.3867,-10.7717
142.0833,-10.245
142.28,-10.6917
142.17,-10.2033
142.1167,-10.2
142.19,-10.545
142.595,-10.7117
142.1067,-10.3533
142.07,-10.2667
143.125,-10.4667
142.0667,-10.225
142.0533,-10.22
142.3867,-10.7717
142.1017,-10.2783
149.8251,-21.6018
142.0933,-10.3283
143.025,-10.6417
142.0833,-10.245
142.19,-10.545
143.5133,-9.8417
149.541,-22.1281
146.6333,-19.0333
142.21,-9.9567
142.07,-10.2667
146.8333,-19.15
142.1533,-10.2267
146.7719,-19.192
146.2474,-18.3709
142.1033,-10.2733
143.125,-10.4667
146.7719,-19.192
142.0633,-10.2483
142.1283,-10.0283
142.0617,-10.2183
142.1467,-10.2117
149.8253,-21.6033
146.4528,-18.6615
142.2083,-9.965
142.055,-10.3533
142.0633,-10.22
146.8055,-19.2417
142.1067,-10.3533
146.7719,-19.192
147.0494,-19.2752
149.1983,-20.6972
149.0955,-20.5506
146.7719,-19.192
146.2474,-18.3709
149.1992,-20.6882
147.0333,-19.3333
142.2117,-9.9683
146.4667,-19.0833
149.8253,-21.6033
147.0167,-19.1667
146.8333,-19.15
146.8055,-19.2417
149.1983,-20.6972
146.7719,-19.192
142.055,-10.3533
149.1983,-20.6972
146.4667,-19.0833
142.1733,-10.2
143.5133,-9.8417
146.8339,-19.2733
146.8333,-19.15
142.2222,-10.7435
149.0963,-20.546999999999997
149.7329,-20.9482
146.8339,-19.2733
147.3902,-19.3041
149.2017,-20.7032
146.4528,-18.6615
149.8265,-21.6066
142.7543,-11.0262
149.19799999999998,-20.7001
147.0167,-19.1667
150.034,-20.9058
149.1185,-20.5433
147.0494,-19.2752
149.1177,-20.5452
149.8351,-21.6574
149.1992,-20.6882
147.0333,-19.3333
147.0333,-19.3333
146.6333,-19.0333
149.8265,-21.6066
147.0167,-19.1667
146.8333,-19.15
149.1177,-20.5452
147.3902,-19.3041
149.19799999999998,-20.7001
142.7543,-11.0262
149.1042,-20.5481
150.0311,-20.9108
149.1185,-20.5433
149.541,-22.1281
149.5028,-21.6054
149.11,-20.5516
150.1214,-22.2411
149.0955,-20.5506
149.8351,-21.6574
150.034,-20.9058
149.1983,-20.6972
142.75799999999998,-10.9995
148.7313,-20.6899
146.7719,-19.192
149.5028,-21.6054
147.0167,-19.1667
149.9386,-22.1395
149.9386,-22.1395
149.2017,-20.7032
149.1992,-20.6882
148.7313,-20.6899
149.1088,-20.5464
149.7329,-20.9482
150.0626,-22.1481
142.75799999999998,-10.9995
150.0278,-20.9061
149.4844,-21.5986
148.7313,-20.6899
149.4844,-21.5986
149.81,-21.99
149.1042,-20.5481
150.1472,-22.2587
150.0307,-20.9117
149.81,-21.99
150.1104,-22.2352
142.2222,-10.7435
149.1992,-20.6882
149.0963,-20.546999999999997
150.0307,-20.9117
149.11,-20.5516
150.0626,-22.1481
150.0626,-22.1481
150.032,-20.9081
150.0311,-20.9108
142.7447,-11.0039
150.1424,-22.2552
148.7313,-20.6899
150.032,-20.9081
150.0867,-22.1805
150.2663,-22.230999999999998
150.0626,-22.1481
150.0626,-22.1481
150.1104,-22.2352
150.3134,-22.2347
150.0,-22.1333
150.1214,-22.2411
149.4844,-21.5986
150.067,-22.146
143.1829,-11.9964
150.2663,-22.230999999999998
142.7447,-11.0039
150.0278,-20.9061
143.1829,-11.9964
150.091,-22.1789
150.2598,-22.2294
149.3886,-21.4758
149.1088,-20.5464
150.0,-22.1333
149.81,-21.99
149.81,-21.99
150.17,-21.98
150.1214,-22.2411
150.067,-22.146
150.3134,-22.2347
150.3115,-22.329
150.0435,-22.1295
150.2598,-22.2294
150.2579,-22.3428
150.0676,-22.155
150.3053,-22.238000000000003
150.0676,-22.155
150.2598,-22.2294
150.3227,-22.2368
150.0474,-22.1322
149.3886,-21.4758
150.0937,-22.1877
150.1424,-22.2552
150.1494,-22.2647
150.3036,-22.2499
149.4844,-21.5986
150.091,-22.1789
150.0937,-22.1877
150.0893,-22.1793
150.3053,-22.238000000000003
150.30200000000002,-22.3094
150.2579,-22.3428
150.0435,-22.1295
150.0867,-22.1805
150.2536,-22.363000000000003
150.0893,-22.1793
152.37,-21.65
152.38,-21.65
150.189,-22.3222
150.3053,-22.238000000000003
150.1472,-22.2587
150.2959,-22.2405
150.0585,-22.1328
150.17,-21.98
150.2731,-22.2317
150.0474,-22.1322
150.0784,-22.1574
150.2731,-22.2317
150.0867,-22.1805
150.0626,-22.1481
150.0867,-22.1805
150.0513,-22.1322
150.0867,-22.1805
150.3036,-22.2499
150.0592,-22.136999999999997
150.0867,-22.1805
150.0864,-22.1725
150.0867,-22.1805
150.1494,-22.2647
152.45,-21.78
152.3333,-21.2833
150.30200000000002,-22.3094
152.7117,-22.3617
152.47,-21.98
150.3189,-22.2467
150.3115,-22.329
150.1331,-22.2518
150.0592,-22.136999999999997
150.3189,-22.2467
150.3115,-22.329
150.3115,-22.329
152.47,-21.98
150.0784,-22.1574
150.1331,-22.2518
150.0864,-22.1725
152.37,-21.65
152.45,-21.78
150.2536,-22.363000000000003
150.0612,-22.1405
152.38,-21.65
152.47,-21.98
150.2959,-22.2405
150.0867,-22.1805
152.605,-22.3933
150.0998,-22.2193
150.0612,-22.1405
152.4667,-21.9833
152.45,-21.78
152.4167,-21.75
150.0435,-22.1295
150.0816,-22.1606
150.0998,-22.2193
152.4167,-21.75
151.85,-21.2333
152.2333,-21.8167
152.45,-21.78
150.0998,-22.2193
150.0585,-22.1328
151.85,-21.2333
152.4167,-21.7167
152.7117,-22.3617
152.42,-21.8
152.37,-21.65
150.0816,-22.1606
150.3227,-22.2368
152.4667,-21.9833
150.0513,-22.1322
152.605,-22.3933
152.3833,-21.65
153.15,-26.8
152.37,-21.65
152.42,-21.8
152.4167,-21.7167
152.42,-21.8
152.0,-21.5
152.0,-21.5
153.14,-26.7883
153.15,-26.8
152.42,-21.8
152.38,-21.65
152.3333,-21.2833
152.7183,-22.3483
152.7183,-22.3483
152.3667,-21.65
143.4102,-12.7821
152.4833,-21.1
152.4167,-21.7167
152.3667,-21.65
152.2333,-21.8167
152.2333,-21.8167
152.38,-21.65
150.0435,-22.1295
141.2909,-16.4001
149.4298,-20.9236
152.3667,-21.65
152.4167,-21.75
152.47,-21.98
152.45,-21.7833
152.605,-22.3933
152.7117,-22.3617
152.4667,-21.9833
152.45,-21.7833
152.45,-21.7833
149.4265,-20.9162
149.0771,-20.5548
152.3833,-21.65
152.7183,-22.3483
152.3833,-21.65
152.4167,-21.75
149.4298,-20.9236
141.2909,-16.4001
152.3667,-21.65
152.4833,-21.1
149.5557,-22.154
152.4667,-21.9833
152.45,-21.7833
152.4833,-21.1
148.8378,-20.8268
143.4102,-12.7821
152.4167,-21.7167
149.4243,-20.9107
149.4348,-20.9324
152.4167,-21.8
149.5587,-22.1651
153.15,-26.8
152.2333,-21.8167
152.4167,-21.8
149.4265,-20.9162
152.4167,-21.8
148.8378,-20.8268
152.2333,-21.8167
150.1465,-21.5217
152.4167,-21.8
153.15,-26.8
149.4348,-20.9324
141.5462,-15.3585
153.14,-26.7883
140.4541,-17.6516
149.0771,-20.5548
152.45,-21.7833
152.3833,-21.65
149.4428,-20.9103
152.4167,-21.75
152.3833,-21.65
149.4554,-21.7324
143.3739,-12.7608
149.4841,-21.9808
141.5462,-15.3585
150.4311,-21.7519
148.8097,-20.7731
148.8378,-20.8268
148.8097,-20.7731
149.5557,-22.154
149.9238,-21.4777
150.1537,-21.5295
149.5587,-22.1651
149.4348,-20.9324
149.9333,-21.1044
152.4167,-21.8
149.4554,-21.7324
149.4265,-20.9162
149.4841,-21.9808
143.3739,-12.7608
153.14,-26.7883
150.4122,-21.7543
150.1485,-21.5233
149.4298,-20.9236
149.4841,-21.9808
148.8378,-20.8268
153.14,-26.7883
150.4347,-21.7731
150.1516,-21.5329
150.1485,-21.5233
140.4541,-17.6516
149.43200000000002,-20.9093
149.4298,-20.9236
150.4347,-21.7731
149.1107,-20.5902
149.4265,-20.9162
148.7229,-20.6348
150.4386,-21.7648
148.7229,-20.6348
150.1516,-21.5329
149.4315,-20.7591
149.9238,-21.4777
149.4554,-21.7324
141.2037,-16.6934
150.4311,-21.7519
150.4289,-21.7628
149.1118,-20.5847
149.43200000000002,-20.9093
149.4333,-20.7662
149.4428,-20.9103
149.4243,-20.9107
150.1537,-21.5295
148.7229,-20.6348
150.4386,-21.7648
149.4841,-21.9808
150.4249,-21.7543
149.2424,-21.0985
142.7454,-10.995
150.1465,-21.5217
150.1484,-21.5212
150.1484,-21.5212
151.9667,-24.3167
149.4348,-20.9324
149.4356,-20.7683
151.9667,-24.3167
141.2037,-16.6934
149.1397,-21.0019
149.4285,-20.7598
150.4281,-21.7573
148.7229,-20.6348
149.4285,-20.7598
150.4289,-21.7628
150.1317,-21.853
149.0833,-20.4833
150.1317,-21.853
151.9667,-24.3167
149.7968,-20.9897
149.7968,-20.9897
150.4281,-21.7573
142.7146,-10.9626
149.9333,-21.1044
150.4249,-21.7543
151.9667,-24.3167
142.1241,-10.9835
149.1118,-20.5847
149.2074,-20.7027
151.9667,-24.3167
151.9667,-24.3167
151.9667,-24.3167
149.0833,-20.4833
151.9667,-24.3167
149.4291,-20.7578
149.4354,-20.767
149.4554,-21.7324
151.9667,-24.3167
151.9667,-24.3167
142.1241,-10.9835
150.4122,-21.7543
150.2356,-21.5333
151.9667,-24.3167
149.4315,-20.7591
149.2074,-20.7027
149.1107,-20.5902
151.9667,-24.3167
151.9667,-24.3167
149.4356,-20.7683
149.1397,-21.0019
142.7146,-10.9626
151.9667,-24.3167
151.9667,-24.3167
151.9667,-24.3167
151.9667,-24.3167
150.2356,-21.5333
149.4291,-20.7578
151.9667,-24.3167
151.9667,-24.3167
149.1397,-21.0019
149.5862,-21.7492
149.2424,-21.0985
151.9667,-24.3167
151.9667,-24.3167
149.4354,-20.767
149.0833,-20.4833
149.1397,-21.0019
142.7454,-10.995
149.4333,-20.7662
151.9667,-24.3167
151.9667,-24.3167
151.9667,-24.3167
151.9667,-24.3167
151.9667,-24.3167
151.9667,-24.3167
151.9667,-24.3167
151.9667,-24.3167
151.9667,-24.3167
151.94,-24.25
149.5862,-21.7492
151.9667,-24.3167
151.9667,-24.3167
152.0067,-24.4383
151.9667,-24.3167
151.9667,-24.3167
151.9667,-24.3167
152.0074,-24.4394
152.0074,-24.4394
151.9667,-24.3167
152.0067,-24.4383
151.9667,-24.3167
149.0833,-20.4833
151.9667,-24.3167
151.9667,-24.3167
152.0074,-24.4394
151.9667,-24.3167
152.0074,-24.4394
151.9667,-24.3167
151.9667,-24.3167
151.94,-24.25
151.94,-24.25
152.0074,-24.4394
151.94,-24.25
153.525,-27.4283
151.9667,-24.3167
153.525,-27.4283
151.9667,-24.3167
153.525,-27.4283
152.0074,-24.4394
151.9667,-24.3167
151.9667,-24.3167
151.9667,-24.3167
151.9667,-24.3167
151.9667,-24.3167
151.9667,-24.3167
151.9667,-24.3167
151.9667,-24.3167
153.5059,-27.51
151.94,-24.25
151.9667,-24.3167
151.9667,-24.3167
151.94,-24.25
153.4667,-27.0333
153.45,-27.0533
153.533,-27.416999999999998
151.94,-24.25
153.2667,-24.7
152.0067,-24.4383
153.4667,-27.0333
151.94,-24.25
151.935,-24.2523
152.3333,-24.7333
151.9667,-24.3167
151.9667,-24.3167
151.9667,-24.3167
153.2667,-24.7
151.9667,-24.3167
151.9667,-24.3167
151.9667,-24.3167
152.0074,-24.4394
153.2667,-24.7
153.533,-27.416999999999998
152.0067,-24.4383
152.3333,-24.7333
153.525,-27.4283
152.0074,-24.4394
153.1333,-26.7
151.94,-24.25
152.0074,-24.4394
153.525,-27.4283
153.525,-27.4283
152.3333,-24.7333
151.94,-24.25
153.5059,-27.51
152.0074,-24.4394
151.8333,-24.17
152.0074,-24.4394
152.0074,-24.4394
153.21,-27.09
153.5059,-27.51
153.2667,-24.7
153.2667,-24.7
153.1333,-26.7
153.2667,-24.7
151.89,-24.18
152.0067,-24.4383
151.935,-24.2523
153.2667,-24.7
153.1333,-26.7
153.533,-27.416999999999998
152.3333,-24.7333
151.935,-24.2523
153.45,-27.0533
152.3333,-24.7333
153.45,-27.0533
151.94,-24.25
142.3928,-10.7632
151.89,-24.18
151.89,-24.18
151.88,-24.18
151.89,-24.18
153.525,-27.4283
153.45,-27.0533
151.935,-24.2523
152.3333,-24.7333
151.89,-24.18
151.89,-24.18
142.3928,-10.7632
151.8333,-24.17
153.4667,-27.0333
151.8333,-24.17
151.89,-24.18
152.3333,-24.7333
142.3175,-10.8406
151.89,-24.18
151.89,-24.18
151.89,-24.18
152.3333,-24.7333
153.525,-27.4283
142.409,-10.7422
152.3333,-24.7333
153.2667,-24.7
142.3857,-10.7684
153.21,-27.09
142.41299999999998,-10.7268
151.8333,-24.17
151.8333,-24.17
153.4667,-27.0333
142.409,-10.7422
153.21,-27.09
142.41299999999998,-10.7268
142.3928,-10.7632
152.3333,-24.7333
142.3762,-10.7581
142.4152,-10.7552
151.8333,-24.17
151.8333,-24.17
151.89,-24.18
142.3631,-10.845999999999998
142.3665,-10.845999999999998
142.3631,-10.845999999999998
142.4152,-10.7552
151.89,-24.18
142.3175,-10.8406
151.88,-24.18
142.41299999999998,-10.7268
151.88,-24.18
151.89,-24.18
153.1333,-26.7
142.3665,-10.845999999999998
142.3918,-10.776
151.89,-24.18
151.89,-24.18
151.89,-24.18
151.89,-24.18
142.3857,-10.7684
151.89,-24.18
142.3918,-10.776
151.89,-24.18
151.89,-24.18
149.5894,-20.8675
142.3857,-10.7684
142.4253,-10.7234
151.89,-24.18
142.4275,-10.720999999999998
142.4253,-10.7234
142.3857,-10.7684
151.89,-24.18
142.4253,-10.7234
149.2391,-21.2561
142.3175,-10.8406
142.3762,-10.7581
142.3928,-10.7632
142.4208,-10.748
142.3483,-10.8387
142.409,-10.7422
142.3806,-10.8368
151.89,-24.18
142.41299999999998,-10.7268
142.4006,-10.7988
142.3762,-10.7581
151.89,-24.18
142.3806,-10.8368
142.409,-10.7422
142.3631,-10.845999999999998
142.3762,-10.7581
149.2925,-21.3219
149.2391,-21.2561
143.2142,-12.3646
149.4317,-20.9032
142.4208,-10.748
149.4317,-20.9032
142.4208,-10.748
142.3631,-10.845999999999998
149.5894,-20.8675
142.3483,-10.8387
142.3918,-10.776
142.4152,-10.7552
149.5785,-20.8703
151.3883,-23.815
142.3665,-10.845999999999998
142.3918,-10.776
142.3175,-10.8406
149.6054,-20.8664
142.3483,-10.8387
149.2329,-21.2602
142.3483,-10.8387
142.4275,-10.720999999999998
149.5894,-20.8675
149.2925,-21.3219
149.207,-21.2325
142.4275,-10.720999999999998
149.2329,-21.2602
142.3665,-10.845999999999998
142.4208,-10.748
149.207,-21.2325
149.2329,-21.2602
149.5996,-20.8701
143.537,-13.7715
142.4253,-10.7234
149.207,-21.2325
142.4275,-10.720999999999998
142.4006,-10.7988
142.7674,-11.0526
150.75,-23.1333
149.2636,-21.1753
142.4006,-10.7988
142.4152,-10.7552
149.6054,-20.8664
149.2924,-21.3133
142.3806,-10.8368
142.3806,-10.8368
143.5117,-12.9632
150.0792,-21.0216
143.5117,-12.9632
142.0943,-10.0782
143.1067,-11.8909
143.1067,-11.8909
149.5996,-20.8701
150.9357,-23.3442
149.5894,-20.8675
143.5136,-13.0096
149.6131,-22.0553
150.9357,-23.3442
143.4156,-12.5911
149.6034,-20.8479
149.5785,-20.8703
149.6054,-20.8664
151.3883,-23.815
143.537,-13.7715
143.2142,-12.3646
150.86,-23.5
142.4006,-10.7988
149.9129,-22.0605
149.2329,-21.2602
149.6054,-20.8664
149.2391,-21.2561
151.3883,-23.815
143.5456,-12.8875
150.9333,-23.3333
149.207,-21.2325
150.9333,-23.3333
149.9129,-22.0605
150.75,-23.1333
142.7674,-11.0526
149.6131,-22.0553
150.9357,-23.3442
148.862,-20.5815
149.6034,-20.8479
150.82,-23.27
148.9431,-20.8645
150.9333,-23.3333
150.9,-23.07
149.2391,-21.2561
150.75,-23.1333
150.0792,-21.0216
143.0958,-11.8936
143.0958,-11.8936
149.2924,-21.3133
143.5136,-13.0096
150.82,-23.27
150.15,-21.8
150.9357,-23.3442
150.9117,-23.0817
150.82,-23.27
150.82,-23.27
149.2636,-21.1753
150.9333,-23.3333
150.8,-23.3333
150.9667,-23.1833
150.9762,-23.4915
150.75,-23.1333
143.5456,-12.8875
142.0943,-10.0782
150.9117,-23.0817
150.9762,-23.4915
150.75,-23.1333
148.8671,-20.61
143.4156,-12.5911
150.15,-21.8
150.8,-23.3333
150.81,-22.69
143.4469,-12.6189
150.82,-23.27
150.82,-23.27
150.81,-22.69
148.7517,-20.4736
150.0703,-20.9656
143.4616,-12.6228
150.86,-23.5
149.637,-21.6762
148.8671,-20.61
148.8671,-20.61
148.8781,-20.5997
148.8781,-20.5997
150.9762,-23.4915
150.8,-23.3333
150.75,-23.1333
150.86,-23.5
150.9,-23.07
151.0574,-23.4494
148.9597,-20.8721
150.9667,-23.1833
142.4914,-10.6969
143.4616,-12.6228
150.9117,-23.0817
149.6568,-21.3726
148.862,-20.5815
150.82,-23.27
148.8781,-20.5997
149.6424,-21.9329
150.8,-23.3333
148.9431,-20.8645
148.7517,-20.4736
142.3785,-10.8398
149.5981,-21.9591
149.8205,-21.4353
142.85299999999998,-11.8191
150.82,-23.27
148.9601,-20.866999999999997
148.862,-20.5815
148.8781,-20.5997
150.8,-23.3333
149.6599,-21.3772
149.8455,-21.9868
149.637,-21.6762
148.862,-20.5815
142.5004,-10.7143
148.7709,-20.4717
150.8,-23.3333
149.6513,-21.9361
149.6568,-21.3726
148.8671,-20.61
143.4469,-12.6189
150.0211,-22.1105
149.8465,-21.9937
148.9597,-20.8721
150.0141,-22.1075
142.3785,-10.8398
148.7517,-20.4736
149.6424,-21.9329
149.6513,-21.9361
148.9601,-20.866999999999997
149.8487,-21.9971
149.8473,-21.9953
149.8465,-21.9937
148.7709,-20.4717
150.82,-23.27
149.6424,-21.9329
142.5129,-10.7001
149.6525,-21.9333
149.6603,-21.3777
142.85299999999998,-11.8191
149.7993,-21.824
149.5981,-21.9591
149.6525,-21.9333
149.8487,-21.9971
142.4595,-10.7196
142.4455,-10.7162
149.6603,-21.3777
150.0141,-22.1075
151.0574,-23.4494
149.8454,-21.9909
149.6424,-21.9329
142.4914,-10.6969
149.8473,-21.9953
142.4455,-10.7162
142.5129,-10.7001
149.8455,-21.9868
150.0703,-20.9656
149.8205,-21.4353
142.4415,-10.7131
142.5004,-10.7143
149.6525,-21.9333
149.6599,-21.3772
149.8454,-21.9909
142.4595,-10.7196
142.4415,-10.7131
150.0344,-22.1128
150.0211,-22.1105
149.7949,-21.824
142.7909,-11.1338
142.4914,-10.6969
149.6513,-21.9361
142.5115,-10.7066
150.0344,-22.1128
142.5115,-10.7066
149.8052,-21.8408
142.4881,-10.7078
142.5115,-10.7066
149.2964,-21.3382
149.7993,-21.824
149.6629,-21.3088
142.5129,-10.7001
149.6513,-21.9361
150.244,-21.6563
142.5129,-10.7001
142.4415,-10.7131
149.6525,-21.9333
142.4083,-10.7153
143.4106,-12.5967
142.4881,-10.7078
142.4595,-10.7196
142.5115,-10.7066
142.4595,-10.7196
142.4914,-10.6969
150.2546,-21.5225
149.6728,-21.358
150.2495,-21.5229
142.4455,-10.7162
150.3033,-21.744
142.5004,-10.7143
150.29399999999998,-21.67
149.1012,-20.6785
142.2544,-10.7377
142.4881,-10.7078
150.244,-21.6563
149.8052,-21.8408
149.7972,-21.8345
150.2535,-21.5266
149.2964,-21.3382
142.4455,-10.7162
149.2964,-21.3382
142.4881,-10.7078
150.2443,-21.5192
149.5981,-22.1475
149.7972,-21.8345
149.6728,-21.358
143.4106,-12.5967
150.3521,-21.7331
142.7909,-11.1338
149.5981,-22.1475
142.4415,-10.7131
149.6728,-21.358
150.2593,-21.5256
149.1012,-20.6785
150.2788,-21.6788
149.6728,-21.358
150.2443,-21.5192
142.2544,-10.7377
150.3033,-21.744
150.3184,-21.7428
150.2495,-21.5229
150.2209,-21.6559
150.3033,-21.744
150.3521,-21.7331
149.7991,-21.8268
149.0965,-20.683000000000003
142.5004,-10.7143
150.2593,-21.5256
149.2964,-21.3382
150.244,-21.6563
150.3385,-21.6538
149.0965,-20.683000000000003
150.29399999999998,-21.67
150.2745,-21.6853
149.6629,-21.3088
150.3033,-21.744
150.2995,-21.7464
150.3424,-21.6767
150.3263,-21.6655
150.2863,-21.6853
143.2886,-12.5152
150.2288,-21.6535
150.3595,-21.7321
150.2942,-21.6748
150.2233,-21.6593
149.7949,-21.824
150.2495,-21.5229
150.2788,-21.6788
150.2535,-21.5266
150.2535,-21.5266
150.3385,-21.6538
149.7991,-21.8268
149.8995,-21.0155
150.3184,-21.7428
150.3521,-21.7331
150.3263,-21.6655
150.2209,-21.6559
150.268,-21.6765
150.3595,-21.7321
150.2948,-21.6741
150.2884,-21.7495
150.2593,-21.5256
149.9,-21.0167
150.2995,-21.7464
150.3144,-21.7364
149.8995,-21.0155
150.2546,-21.5225
150.2745,-21.6853
150.2469,-21.6199
150.2788,-21.6788
149.8995,-21.0155
150.32399999999998,-21.7698
150.2743,-21.685
150.2546,-21.5225
150.268,-21.6765
150.2948,-21.6741
143.2886,-12.5152
142.8178,-11.2925
150.2258,-21.6527
150.3351,-21.6698
149.1648,-21.0029
150.3595,-21.7321
150.2869,-22.2333
150.2288,-21.6535
143.2703,-12.4986
150.3184,-21.7428
150.3225,-21.6595
149.1648,-21.0029
148.9323,-20.8501
150.3424,-21.6767
150.3351,-21.6698
143.0917,-12.1734
150.2743,-21.685
149.9119,-21.0252
150.2942,-21.6748
150.3521,-21.7331
149.9285,-21.497
150.2863,-21.6853
150.3244,-21.66
150.32399999999998,-21.7698
150.3351,-21.6698
149.8947,-21.0059
150.2843,-21.682
150.3225,-21.6595
142.1276,-10.0294
143.5862,-13.5452
149.4791,-21.7331
150.2258,-21.6527
149.4442,-21.8142
150.3144,-21.7364
149.8995,-21.0155
149.4442,-21.8142
150.3244,-21.66
150.3263,-21.6655
149.7832,-21.6002
150.2233,-21.6593
149.9285,-21.497
149.9119,-21.0252
149.8927,-21.4942
149.9,-21.0167
143.0333,-11.45
149.9,-21.0167
149.8995,-21.0155
142.8178,-11.2925
149.4791,-21.7331
149.8867,-21.0033
149.5193,-22.0336
143.2703,-12.4986
148.9323,-20.8501
143.0333,-11.4667
143.0333,-11.45
150.2469,-21.6199
144.5038,-13.9765
142.8656,-11.3874
149.6286,-21.2682
150.2884,-21.7495
149.4791,-21.7331
142.8656,-11.3874
149.5193,-22.0336
143.0333,-11.45
150.2869,-22.2333
149.4791,-21.7331
149.8867,-21.0033
150.2843,-21.682
143.4485,-12.8503
143.0917,-12.1734
143.0333,-11.4483
143.4485,-12.8503
143.5862,-13.5452
149.5193,-22.0336
150.0,-17.0
143.0333,-11.45
149.6286,-21.2682
143.8333,-13.9667
149.4442,-21.8142
149.4442,-21.8142
149.8947,-21.0059
143.4867,-11.9383
149.48,-21.5725
149.48,-21.5725
143.016,-11.109000000000002
143.0333,-11.4483
143.0333,-11.45
143.0183,-11.1133
143.4783,-11.92
143.0183,-11.1133
143.4433,-12.6291
143.0333,-11.45
149.7832,-21.6002
142.1276,-10.0294
150.0,-17.0
143.0333,-11.4667
149.48,-21.5725
143.0183,-11.1133
144.5038,-13.9765
143.4783,-11.92
149.8927,-21.4942
143.0333,-11.45
143.0333,-11.1167
143.0333,-11.4483
143.4433,-12.6291
149.48,-21.5725
143.0333,-11.4667
142.8656,-11.3874
143.18,-11.705
144.0167,-11.6
144.0167,-11.6
143.0333,-11.4667
144.0167,-11.6
143.4783,-11.92
143.4667,-11.9033
143.4867,-11.9383
149.5193,-22.0336
144.5038,-13.9765
144.5038,-13.9765
143.1833,-11.7
143.0333,-11.1167
150.0,-17.0
144.0167,-11.6
143.0333,-11.1167
150.0,-17.0
143.0333,-11.1167
142.8656,-11.3874
143.4667,-11.9033
143.4667,-11.9033
144.0167,-11.6
143.4667,-11.9033
143.0333,-11.45
143.4867,-11.9383
143.1833,-11.7
144.0167,-11.6
143.0333,-11.4483
144.0167,-11.6
143.8333,-13.9667
144.0167,-11.6
143.0333,-11.1167
144.0167,-11.6
143.0333,-11.1167
143.1833,-11.7
144.0167,-11.6
143.18,-11.705
144.0167,-11.6
143.0183,-11.1133
143.0333,-11.1167
144.0167,-11.6
144.0167,-11.6
143.016,-11.109000000000002
144.0167,-11.6
143.1833,-11.7
143.8333,-13.9667
144.0167,-11.6
143.18,-11.705
144.02,-11.6
143.18,-11.705
144.0167,-11.6
144.02,-11.6
144.0167,-11.6
144.0167,-11.6
144.0167,-11.6
144.0167,-11.6
144.0167,-11.6
144.0167,-11.6
144.0167,-11.6
144.0167,-11.6
144.0167,-11.6
143.0333,-11.1167
144.0167,-11.6
144.0167,-11.6
143.4783,-11.92
144.0167,-11.6
144.0167,-11.6
144.0167,-11.6
144.0167,-11.6
144.02,-11.6
144.0167,-11.6
144.0167,-11.6
144.0167,-11.6
144.02,-11.6
144.0167,-11.6
143.016,-11.109000000000002
144.0167,-11.6
144.0167,-11.6
143.225,-12.245
144.0167,-11.6
144.0167,-11.6
143.8333,-13.9167
144.0167,-11.6
144.0167,-11.6
144.02,-11.6
144.0167,-11.6
144.0167,-11.6
143.2333,-12.25
144.0167,-11.6
143.016,-11.109000000000002
144.0167,-11.6
144.0167,-11.6
143.3133,-11.8383
144.0167,-11.6
143.25,-12.25
144.0167,-11.6
144.0167,-11.6
144.0167,-11.6
143.2333,-12.25
144.0167,-11.6
144.0167,-11.6
144.0167,-11.6
142.8983,-11.5917
143.225,-12.245
142.8983,-11.5917
144.02,-11.6
144.0167,-11.6
144.02,-11.6
144.0,-11.45
144.0167,-11.6
144.0167,-11.6
143.8333,-13.9167
143.2333,-12.25
144.0167,-11.6
143.2333,-12.25
144.5167,-14.1167
143.8333,-13.9167
144.0167,-11.6
142.8983,-11.5917
144.0167,-11.6
143.3133,-11.8383
144.0167,-11.6
143.8333,-13.9167
143.9833,-13.45
143.2333,-12.25
144.0167,-11.6
143.9833,-13.45
143.8338,-13.9116
143.9667,-13.3667
143.8333,-13.9167
143.3133,-11.8383
143.8338,-13.9116
143.225,-12.245
143.5,-13.54
144.0,-11.45
144.0167,-11.45
143.5833,-13.1833
144.5167,-14.1167
143.95,-11.3833
143.5,-13.54
143.9667,-13.3667
144.0167,-11.45
144.02,-11.6
143.2,-12.2333
144.0167,-11.45
143.2,-12.2333
144.0167,-11.6
143.2,-12.2333
144.0167,-11.45
143.25,-12.25
143.95,-11.3833
143.9833,-13.45
143.2333,-12.25
144.0167,-11.45
143.9833,-13.45
143.9667,-13.3667
144.0167,-11.45
144.0,-11.45
144.0167,-11.45
143.95,-11.3833
144.0167,-11.45
144.0167,-11.45
143.9833,-13.45
144.0167,-11.45
143.9667,-13.3667
143.7333,-13.4833
144.0,-11.45
143.0167,-11.1667
143.9667,-13.3667
143.95,-11.3833
143.9667,-13.3667
144.0167,-11.45
143.2333,-12.25
143.0167,-11.1667
143.9833,-13.45
143.8333,-13.9167
143.4167,-12.6
144.0167,-11.45
143.0144,-11.1696
144.0167,-11.45
144.0167,-11.45
143.0167,-11.1667
143.3033,-11.8517
144.0167,-11.45
144.0167,-11.45
144.0167,-11.45
143.9833,-13.45
144.0167,-11.45
144.0167,-11.45
143.015,-11.1717
143.015,-11.1717
143.53,-13.1833
144.0,-11.45
144.0167,-11.45
142.9833,-11.7333
143.9667,-13.3667
143.7833,-11.4167
143.0167,-11.1667
143.7333,-13.4833
144.0167,-11.45
143.53,-13.1833
143.6,-13.2667
143.0144,-11.1696
143.8338,-13.9116
143.0167,-11.1667
142.9883,-11.7283
144.0,-11.45
143.0167,-11.1667
143.0167,-11.1667
143.0333,-11.4833
143.7333,-13.4833
143.28,-11.86
144.0167,-11.45
143.28,-11.86
143.03,-11.38
143.0144,-11.1696
143.0144,-11.1696
143.0144,-11.1696
143.0167,-11.1667
143.0144,-11.1696
144.0167,-11.45
143.6,-13.2667
143.03,-11.4333
142.9883,-11.7283
143.015,-11.1717
143.015,-11.1717
144.0167,-11.45
143.53,-13.1833
143.6833,-13.6667
143.7833,-11.4167
143.0167,-11.1667
143.0167,-11.1667
143.0167,-11.4833
143.0167,-11.1667
143.0167,-11.1667
143.3033,-11.8517
142.9833,-11.7333
142.9333,-11.6
143.0333,-11.482999999999999
144.0,-11.45
143.0333,-11.482999999999999
143.7833,-11.4167
142.9667,-11.3833
142.9833,-11.7333
143.0333,-11.4833
143.03,-11.38
142.95,-11.5833
143.0333,-11.3833
143.6,-13.2667
143.28,-11.86
143.0144,-11.1696
144.0,-11.45
143.7167,-13.8667
143.0167,-11.4833
143.0167,-11.1667
143.0333,-11.3833
143.03,-11.4333
142.95,-11.5833
142.9667,-11.3833
143.0333,-11.4833
143.6833,-13.6667
143.7194,-13.6556
143.03,-11.38
143.0333,-11.3833
143.3033,-11.8517
143.0144,-11.1696
143.6833,-13.6667
143.7333,-13.65
143.03,-11.4333
143.8642,-13.0372
143.2967,-12.0417
142.93,-11.595
143.7167,-13.8667
142.9333,-11.6
143.0167,-11.1667
143.03,-11.4333
143.6,-13.2667
143.7333,-13.65
142.95,-11.5833
143.4,-12.2833
143.8642,-13.0372
143.7167,-13.8667
143.0167,-11.4833
142.93,-11.595
142.9917,-11.2383
143.8642,-13.0372
143.075,-11.1583
143.0167,-11.4833
142.9667,-11.3967
142.9917,-11.2383
142.9667,-11.3967
143.7167,-13.8667
143.0333,-11.482999999999999
142.9667,-11.3967
143.7194,-13.6556
143.8642,-13.0372
144.25,-14.0667
142.9883,-11.7283
142.9333,-11.6
143.4,-12.2833
143.2967,-12.0417
142.9917,-11.2383
144.4437,-13.975999999999999
143.4,-12.2833
142.9917,-11.2383
142.9333,-11.6
143.7333,-13.65
144.4437,-13.975999999999999
143.0567,-11.375
143.4,-12.2833
142.9917,-11.2383
142.9667,-11.3833
142.95,-11.5833
143.0333,-11.3833
143.075,-11.1583
142.9917,-11.2383
142.93,-11.595
143.7333,-13.65
143.858,-13.0213
142.92,-11.2433
143.7333,-13.65
143.7333,-13.65
143.0224,-11.4885
144.25,-14.0667
143.7333,-13.65
142.8717,-11.2483
143.0567,-11.375
143.05,-11.3667
143.858,-13.0213
143.0167,-11.1667
142.9917,-11.2383
142.9917,-11.2383
143.075,-11.1583
142.9667,-11.3967
143.2459,-11.989
142.9167,-11.25
142.9167,-11.25
144.4437,-13.975999999999999
143.7333,-13.65
143.2967,-12.0417
143.0567,-11.375
143.05,-11.3667
144.25,-14.0667
142.9167,-11.25
143.08,-11.7683
143.05,-11.3667
143.0167,-11.1667
143.05,-11.3667
144.4437,-13.975999999999999
143.0167,-11.1667
142.92,-11.2433
143.08,-11.7683
143.08,-11.7683
142.8717,-11.2483
143.08,-11.7683
143.0224,-11.4885
143.0167,-11.4833
143.0167,-11.4833
143.7194,-13.6556
143.0567,-11.375
143.08,-11.7683
143.858,-13.0213
143.0217,-11.4883
143.075,-11.1583
143.0167,-11.4833
143.0217,-11.4883
143.3,-11.85
143.858,-13.0213
143.5667,-13.2167
143.5667,-11.8833
142.9883,-11.0067
143.0167,-11.4833
143.0224,-11.4885
143.6333,-11.8833
142.8717,-11.2483
143.6333,-11.8833
143.08,-11.7683
143.08,-11.7683
142.9167,-11.25
143.08,-11.7683
143.0167,-11.4833
143.08,-11.7683
142.9167,-11.25
143.0167,-11.4833
143.08,-11.7683
142.92,-11.2433
143.0397,-11.1956
143.3,-11.85
143.0167,-11.1667
143.5667,-11.8833
143.1983,-12.2417
143.08,-11.7683
143.0167,-11.4833
143.6333,-11.8833
143.08,-11.7683
143.3,-11.85
141.6476,-12.4205
143.08,-11.7683
143.0883,-11.7917
142.9883,-11.0067
143.0217,-11.4883
143.85,-11.6
143.08,-11.7683
141.5993,-12.5741
142.92,-11.2433
143.5667,-11.8833
148.7068,-20.5165
143.5667,-11.8833
141.6476,-12.4205
143.1983,-12.2417
142.9883,-11.0067
143.08,-11.7683
143.0883,-11.7917
148.7068,-20.5165
143.5667,-13.2167
141.6883,-12.562999999999999
143.85,-11.6
143.6333,-11.8833
141.5993,-12.5741
142.9883,-11.0067
143.0397,-11.1956
142.2719,-10.9137
141.6476,-12.4205
141.6883,-12.562999999999999
143.5667,-13.2167
143.85,-11.6
143.0167,-11.4833
142.248,-10.9106
142.276,-10.9147
141.5993,-12.5741
143.7417,-11.5583
148.8143,-20.4742
142.2793,-10.9163
142.3001,-10.9068
148.7068,-20.5165
141.7571,-12.8267
143.7417,-11.5583
142.3001,-10.9068
142.3001,-10.9068
143.7417,-11.5583
149.2034,-21.1514
148.8143,-20.4742
142.3093,-10.9017
141.7571,-12.8267
149.0166,-20.915
149.0166,-20.915
142.276,-10.9147
141.6476,-12.4205
143.1983,-12.2417
141.5993,-12.5741
142.276,-10.9147
142.2719,-10.9137
143.0883,-11.7917
148.8998,-20.8678
142.2719,-10.9137
149.2034,-21.1514
142.3093,-10.9017
149.45,-20.9167
142.276,-10.9147
142.3001,-10.9068
149.0166,-20.915
142.3093,-10.9017
149.0166,-20.915
149.2034,-21.1514
149.2925,-21.3219
142.2793,-10.9163
142.3093,-10.9017
149.4842,-21.5987
149.4842,-21.5987
149.0166,-20.915
149.0166,-20.915
148.7068,-20.5165
148.9544,-20.8797
149.2924,-21.3133
142.248,-10.9106
149.2034,-21.1514
149.45,-20.9167
149.0166,-20.915
149.0166,-20.915
149.0054,-20.9153
148.9544,-20.8797
142.2719,-10.9137
149.0054,-20.9153
149.0054,-20.9153
142.2793,-10.9163
148.9546,-20.8793
149.203,-21.1543
148.8998,-20.8678
149.2925,-21.3219
149.0166,-20.915
148.9546,-20.8793
149.0166,-20.915
149.0166,-20.915
149.0166,-20.915
149.0166,-20.915
149.0166,-20.915
142.2793,-10.9163
149.203,-21.1543
149.3128,-21.3852
148.9546,-20.8793
149.0166,-20.915
149.3127,-21.3859
149.3127,-21.3859
148.9544,-20.8797
149.0166,-20.915
149.3127,-21.3859
149.2926,-21.3222
149.2924,-21.3133
149.0054,-20.9153
149.0166,-20.915
148.9546,-20.8793
149.3107,-21.3954
149.3153,-21.3802
149.3128,-21.3852
149.3207,-21.4166
149.3153,-21.3802
149.0166,-20.915
149.0166,-20.915
149.45,-20.9167
149.3153,-21.3802
149.3053,-21.4126
149.2926,-21.3222
149.2926,-21.3222
149.3127,-21.3859
149.0166,-20.915
148.9546,-20.8793
148.8902,-20.8317
149.3127,-21.3859
148.9059,-20.8448
148.8918,-20.8302
149.3127,-21.3859
148.9012,-20.8315
148.9546,-20.8793
149.2926,-21.3222
149.3107,-21.3954
149.3053,-21.4126
149.3207,-21.4166
149.2926,-21.3222
149.3128,-21.3852
149.2926,-21.3222
148.9141,-20.8545
149.3127,-21.3859
149.2926,-21.3222
148.8902,-20.8317
148.9141,-20.8545
148.8902,-20.8317
148.9049,-20.8394
149.2926,-21.3222
148.9544,-20.8797
149.0166,-20.915
149.3127,-21.3859
148.9059,-20.8448
148.9012,-20.8315
148.9275,-20.8543
148.9059,-20.8448
148.8918,-20.8302
148.8918,-20.8302
148.8918,-20.8302
148.8918,-20.8302
149.2926,-21.3222
148.9059,-20.8448
149.2926,-21.3222
148.9141,-20.8545
148.9275,-20.8543
149.3128,-21.3852
148.8918,-20.8302
148.9012,-20.8315
148.9166,-20.8568
148.8918,-20.8302
148.9049,-20.8394
149.3153,-21.3802
148.9166,-20.8568
148.8902,-20.8317
148.8918,-20.8302
149.2926,-21.3222
148.9166,-20.8568
148.8918,-20.8302
148.8918,-20.8302
148.8918,-20.8302
148.8918,-20.8302
149.2964,-21.2751
148.9224,-20.8527
148.8918,-20.8302
148.8918,-20.8302
148.8918,-20.8302
148.9205,-20.8507
148.9205,-20.8507
148.8918,-20.8302
148.9224,-20.8527
148.8918,-20.8302
149.2275,-21.0733
148.9049,-20.8394
149.2964,-21.2751
148.9141,-20.8545
148.8918,-20.8302
148.9205,-20.8507
149.2926,-21.3222
148.8918,-20.8302
148.9012,-20.8315
149.2275,-21.0733
148.8918,-20.8302
148.9275,-20.8543
148.8918,-20.8302
148.9205,-20.8507
148.8918,-20.8302
149.2232,-21.1109
149.2964,-21.2751
148.9275,-20.8543
149.2239,-21.0957
148.9205,-20.8507
149.2235,-21.1107
149.2949,-21.2777
148.9166,-20.8568
149.2232,-21.1109
149.2275,-21.0733
148.9205,-20.8507
148.9205,-20.8507
148.9205,-20.8507
148.9049,-20.8394
149.2949,-21.2777
149.2964,-21.2751
149.2964,-21.2751
148.9205,-20.8507
149.2275,-21.0733
149.2239,-21.0957
148.9205,-20.8507
149.2949,-21.2777
148.9205,-20.8507
149.2235,-21.1107
149.2232,-21.1109
149.2949,-21.2777
149.2275,-21.0808
148.882,-20.8551
149.2964,-21.2751
149.2235,-21.1107
149.2964,-21.2751
149.3085,-21.3597
149.2232,-21.1109
148.8918,-20.8302
149.2275,-21.0808
148.9876,-20.8948
148.9876,-20.8948
148.9876,-20.8948
149.2232,-21.1109
149.2232,-21.1109
149.2235,-21.1107
148.882,-20.8551
149.3082,-21.3599
148.9876,-20.8948
149.2964,-21.2751
149.2964,-21.2751
149.2232,-21.1109
149.2964,-21.2751
148.9876,-20.8948
149.3085,-21.3597
149.2232,-21.1109
148.9876,-20.8948
148.9876,-20.8948
149.2232,-21.1109
148.9876,-20.8948
148.9205,-20.8507
149.3989,-20.7747
148.9876,-20.8948
149.2232,-21.1109
148.9876,-20.8948
149.2275,-21.0808
149.1752,-21.0345
149.3085,-21.3597
149.3082,-21.3599
148.9876,-20.8948
149.3085,-21.3597
149.2232,-21.1109
149.1752,-21.0345
148.7561,-20.4811
149.2232,-21.1109
148.9876,-20.8948
149.1752,-21.0345
149.3082,-21.3599
149.2239,-21.0957
149.33100000000002,-21.4165
149.0455,-20.9199
149.33100000000002,-21.4165
149.33100000000002,-21.4165
149.3085,-21.3597
149.2275,-21.0808
149.3157,-21.3745
148.8306,-20.7809
149.3082,-21.3599
149.3085,-21.3597
148.9876,-20.8948
149.33100000000002,-21.4165
149.3085,-21.3597
148.9876,-20.8948
149.0461,-20.9094
149.0455,-20.9199
149.2833,-20.7833
149.3161,-21.374000000000002
149.3989,-20.7747
149.2833,-20.7833
148.9876,-20.8948
149.3989,-20.7747
149.0455,-20.9199
148.8306,-20.7809
149.3085,-21.3597
149.2833,-20.7833
149.2833,-20.7833
149.0455,-20.9199
149.0455,-20.9199
149.0455,-20.9199
149.1567,-21.004
148.9876,-20.8948
149.0461,-20.9094
149.3989,-20.7747
149.2833,-20.7833
149.1752,-21.0345
149.463,-21.9112
149.463,-21.9112
149.0455,-20.9199
149.0455,-20.9199
148.7561,-20.4811
149.0461,-20.9094
149.0455,-20.9199
149.22,-21.1484
149.0455,-20.9199
149.3157,-21.3745
149.0455,-20.9199
149.1571,-21.0267
149.2833,-20.7833
149.0455,-20.9199
149.3161,-21.374000000000002
148.9945,-20.9023
149.3161,-21.374000000000002
149.0455,-20.9199
149.1571,-21.0267
149.0455,-20.9199
149.22,-21.1484
149.3157,-21.3745
149.0455,-20.9199
149.0455,-20.9199
149.0455,-20.9199
149.0455,-20.9199
149.0455,-20.9199
149.1914,-21.0543
149.1571,-21.0267
149.1571,-21.0267
149.0455,-20.9199
149.1999,-21.0173
149.1571,-21.0267
149.1861,-21.0399
149.1571,-21.0267
149.1571,-21.0267
149.0455,-20.9199
149.0455,-20.9199
149.1914,-21.0543
149.1571,-21.0267
149.1571,-21.0267
149.1999,-21.0173
149.8404,-21.4433
148.9945,-20.9023
149.0455,-20.9199
149.1571,-21.0267
149.1914,-21.0543
149.1803,-21.0173
149.1571,-21.0267
149.1567,-21.004
149.1571,-21.0267
148.9945,-20.9023
149.3161,-21.374000000000002
148.9945,-20.9023
149.1914,-21.0543
149.1914,-21.0543
149.1803,-21.0173
149.1567,-21.004
149.2913,-21.4435
148.9945,-20.9023
149.1914,-21.0543
149.1914,-21.0543
149.1567,-21.004
148.9945,-20.9023
148.9945,-20.9023
149.1914,-21.0543
148.9945,-20.9023
148.7879,-20.7652
143.1791,-12.345
149.1914,-21.0543
149.3157,-21.3745
148.9945,-20.9023
149.1914,-21.0543
149.1861,-21.0399
149.2913,-21.4435
149.1861,-21.0399
149.2913,-21.4435
149.1914,-21.0543
149.3076,-21.3525
148.7229,-20.648000000000003
148.9945,-20.9023
149.1861,-21.0399
149.267,-21.2713
149.8428,-21.4472
148.9945,-20.9023
148.9945,-20.9023
149.2904,-21.451999999999998
143.1791,-12.345
149.1914,-21.0543
148.9945,-20.9023
148.9945,-20.9023
149.2962,-21.4291
149.1914,-21.0543
150.1423,-21.9944
149.2962,-21.4291
149.208,-21.2491
149.267,-21.2713
149.2904,-21.451999999999998
149.267,-21.2713
149.2094,-21.2476
149.8428,-21.4472
149.2094,-21.2476
148.9945,-20.9023
149.3076,-21.3525
149.8404,-21.4433
149.2962,-21.4291
148.7879,-20.7652
148.3667,-19.9833
149.208,-21.2491
148.9384,-20.864
149.2904,-21.451999999999998
148.7229,-20.648000000000003
149.6894,-21.7449
149.2913,-21.4435
149.2962,-21.4291
148.7229,-20.648000000000003
148.9945,-20.9023
148.7624,-20.6923
150.1194,-21.9414
150.1324,-21.9563
148.7624,-20.6923
149.3076,-21.3525
149.2904,-21.451999999999998
149.3076,-21.3525
148.7229,-20.648000000000003
148.7879,-20.7652
150.1181,-21.9495
148.3667,-19.9833
149.2689,-20.7586
149.208,-21.2491
149.2094,-21.2476
149.2951,-21.3416
148.9381,-20.8609
148.3667,-19.9833
150.1877,-21.9842
149.5932,-22.1437
150.1257,-21.9513
149.2951,-21.3416
149.2951,-21.3416
149.6894,-21.7449
148.9384,-20.864
149.267,-21.2713
150.1416,-21.9839
148.9381,-20.8609
150.1822,-21.9769
150.1233,-21.9404
149.2094,-21.2476
148.7879,-20.7652
149.5932,-22.1437
143.5432,-12.8457
149.2951,-21.3416
148.9384,-20.864
150.1984,-21.9669
150.127,-21.991999999999997
149.2689,-20.7586
150.1423,-21.9944
150.1877,-21.9842
150.1611,-22.011999999999997
150.1233,-21.9404
150.1507,-21.9726
150.131,-21.9894
150.1238,-21.9962
143.6017,-13.9121
150.1324,-21.9563
150.1772,-21.9888
150.131,-21.9894
150.1348,-21.9923
150.1273,-21.9881
150.1689,-22.0018
148.9384,-20.864
149.208,-21.2491
143.5432,-12.8457
143.6017,-13.9121
150.1354,-21.995
150.1238,-21.9962
150.1507,-21.9726
150.1181,-21.9495
150.1354,-21.995
150.1672,-21.9966
150.1416,-21.9839
150.1255,-21.9373
150.1612,-21.9819
150.1544,-21.971
150.1273,-21.9881
150.1257,-21.9513
150.127,-21.991999999999997
150.1565,-21.9772
150.139,-21.9639
150.1781,-21.9848
150.1658,-21.9917
141.9082,-11.9541
150.1255,-21.9373
150.1822,-21.9769
150.1984,-21.9669
150.1752,-21.9754
150.1348,-21.9923
150.1451,-21.9809
150.164,-21.9872
150.1533,-21.9852
150.1658,-21.9917
150.1689,-22.0018
150.19,-21.9744
150.1544,-21.971
150.1435,-21.971999999999998
150.1672,-21.9966
150.1612,-21.9819
150.1194,-21.9414
150.1565,-21.9772
150.1509,-21.9759
150.1409,-21.9584
150.164,-21.9872
150.139,-21.9639
150.1422,-21.976999999999997
146.7833,-19.1333
150.1152,-21.924
150.1772,-21.9888
150.1424,-21.9654
150.1451,-21.9809
150.194,-21.9793
150.19,-21.9744
150.1752,-21.9754
150.0976,-21.9408
150.1148,-21.9325
150.1781,-21.9848
150.1422,-21.976999999999997
150.1131,-21.9219
150.1631,-22.0142
150.1148,-21.9325
150.1176,-21.9181
150.1631,-22.0142
150.1435,-21.971999999999998
150.1509,-21.9759
141.8238,-12.0167
150.194,-21.9793
150.1533,-21.9852
148.85,-20.35
150.1131,-21.9219
150.1076,-21.930999999999997
141.7272,-12.2283
141.9082,-11.9541
150.0976,-21.9408
150.1076,-21.930999999999997
141.8333,-12.0167
150.1165,-21.9306
150.1424,-21.9654
141.7272,-12.2283
150.1409,-21.9584
148.6847,-20.6144
141.8238,-12.0167
150.1165,-21.9306
150.1611,-22.011999999999997
141.8333,-12.0167
141.7272,-12.2283
150.1152,-21.924
150.1416,-21.9622
141.9082,-11.9541
141.9418,-11.9833
141.8238,-12.0167
142.4105,-10.7748
142.7826,-11.225
150.1416,-21.9622
141.7272,-12.2283
148.6847,-20.6144
141.8333,-12.0167
141.9418,-11.9833
149.4828,-21.9697
141.8238,-12.0167
141.7272,-12.2283
149.4828,-21.9697
150.1076,-21.930999999999997
146.8667,-19.1167
141.7272,-12.2283
148.6765,-20.5579
146.8667,-19.1
142.4105,-10.7748
148.8987,-20.5472
146.85,-19.1667
150.1176,-21.9181
146.85,-19.1667
148.8987,-20.5472
150.1174,-21.9164
141.7243,-12.2325
148.85,-20.35
148.6765,-20.5579
150.1174,-21.9164
146.8667,-19.1167
142.4105,-10.7748
146.7833,-19.1333
146.8667,-19.1167
148.6765,-20.5579
146.85,-19.1667
149.1779,-20.6784
146.7833,-19.1333
141.7272,-12.2283
149.2554,-21.2487
149.8819,-22.0969
149.9075,-22.055
150.0974,-22.048000000000002
148.6847,-20.6144
149.9075,-22.055
148.6847,-20.6144
149.8819,-22.0737
148.6765,-20.5579
149.705,-21.7959
146.8667,-19.1
146.8667,-19.1167
149.2554,-21.2487
143.4055,-12.8681
150.0974,-22.048000000000002
149.8677,-22.1418
149.2554,-21.2487
149.9056,-22.0757
149.0788,-20.6542
149.2554,-21.2487
146.8667,-19.1
149.9075,-22.055
149.1851,-20.6829
149.8819,-22.0737
146.85,-19.1667
143.3586,-12.7966
143.4055,-12.8681
143.3497,-12.8921
149.8819,-22.0969
149.7148,-21.4498
149.9091,-22.0639
149.8677,-22.1418
142.7826,-11.225
149.15200000000002,-20.6544
149.9044,-22.0686
149.9027,-22.0541
149.9027,-22.0541
149.9056,-22.0757
146.8667,-19.1167
149.705,-21.7959
146.8667,-19.1167
149.9027,-22.0541
143.3997,-12.7597
149.1719,-20.6746
149.1137,-20.5815
149.6675,-21.987
149.1832,-20.684
149.1832,-20.684
149.8733,-22.1272
145.44799999999998,-14.6691
149.15200000000002,-20.6544
143.3997,-12.7597
149.1832,-20.684
149.1851,-20.6829
149.9027,-22.0541
149.9091,-22.0639
145.4727,-14.6642
149.9075,-22.055
149.1779,-20.6784
143.3586,-12.7966
149.9044,-22.0686
149.8733,-22.1272
149.0788,-20.6542
149.7092,-21.44
149.7148,-21.4498
149.1779,-20.6784
145.44799999999998,-14.6691
149.1832,-20.684
149.7148,-21.4498
149.7069,-21.4477
149.7159,-21.4546
145.4727,-14.6642
145.44799999999998,-14.6691
149.7092,-21.44
145.4727,-14.6642
149.7069,-21.4477
149.7159,-21.4546
149.7069,-21.4477
149.71,-21.4533
149.1779,-20.6784
143.3497,-12.8921
142.1463,-11.0808
149.7083,-21.4436
149.7083,-21.4436
149.6675,-21.987
149.9187,-21.4911
149.71,-21.4533
150.2202,-21.9203
149.71,-21.4533
149.4031,-20.9195
149.7148,-21.4498
149.7083,-21.4436
149.7069,-21.4477
149.4155,-20.921999999999997
149.3853,-20.9128
149.7159,-21.4546
149.7083,-21.4436
142.1303,-10.9617
149.7159,-21.4546
149.4031,-20.9195
149.3853,-20.9128
149.4155,-20.921999999999997
149.3951,-20.9137
142.2435,-10.9124
149.3951,-20.9137
149.4098,-20.9203
149.71,-21.4533
149.3951,-20.9137
142.1702,-10.9246
149.1719,-20.6746
149.9187,-21.4911
149.3951,-20.9137
142.1303,-10.9617
143.1274,-12.3477
142.2169,-10.9223
149.4155,-20.921999999999997
149.71,-21.4533
142.1303,-10.9617
142.1254,-10.9821
149.4553,-21.4584
149.1139,-20.583000000000002
149.4155,-20.921999999999997
142.1463,-11.0808
142.1548,-10.9337
142.1349,-11.0087
142.1254,-10.9821
149.4098,-20.9203
150.2202,-21.9203
142.1439,-11.0614
142.1439,-11.0614
149.4031,-20.9195
142.1254,-10.9821
149.4031,-20.9195
142.1702,-10.9246
142.1463,-11.0808
149.8399,-22.0361
142.1303,-10.9617
142.1362,-10.9463
142.1349,-11.0087
149.1139,-20.583000000000002
149.1418,-20.7078
149.8267,-22.0264
142.1362,-10.9463
149.1137,-20.5815
142.2169,-10.9223
142.2137,-10.9241
142.1439,-11.0614
142.1349,-11.0087
149.81,-21.4367
142.2523,-10.9113
142.1702,-10.9246
143.1274,-12.3477
142.1548,-10.9337
142.2169,-10.9223
142.1349,-11.0087
142.2523,-10.9113
142.2435,-10.9124
142.1254,-10.9821
149.1414,-20.7043
142.1362,-10.9463
149.4553,-21.4584
142.1439,-11.0614
152.5455,-25.0748
152.9525,-25.2837
149.8236,-22.0174
152.5455,-25.0748
142.2523,-10.9113
142.1362,-10.9463
142.2523,-10.9113
149.1414,-20.7043
142.1463,-11.0808
149.8236,-22.0174
149.1404,-20.7113
149.7871,-21.8174
142.2137,-10.9241
142.2169,-10.9223
142.1548,-10.9337
149.8399,-22.0361
142.1548,-10.9337
149.4572,-21.4539
149.81,-21.4367
152.8,-25.25
152.9525,-25.2837
149.7871,-21.8174
142.2435,-10.9124
152.9061,-25.2881
142.1702,-10.9246
149.8236,-22.0174
152.6133,-25.1837
149.1404,-20.7113
149.4572,-21.4539
152.5455,-25.0748
152.8033,-25.2533
152.9061,-25.2881
149.8399,-22.0361
152.5455,-25.0748
152.9061,-25.2881
149.1373,-20.7151
152.5717,-25.1167
149.8236,-22.0174
152.5455,-25.0748
142.2435,-10.9124
149.1373,-20.7151
149.4553,-21.4584
152.5717,-25.1167
149.8267,-22.0264
152.8033,-25.2533
152.8033,-25.2533
143.1327,-12.3487
152.9061,-25.2881
149.1418,-20.7078
149.4553,-21.4584
152.5455,-25.0748
152.6653,-25.2484
148.3667,-19.7333
152.99,-25.3183
152.8037,-25.2485
152.4867,-24.9314
152.6653,-25.2484
152.8037,-25.2485
152.4867,-24.9314
152.8033,-25.2533
152.9061,-25.2881
149.8399,-22.0361
152.5717,-25.1167
152.5455,-25.0748
152.8,-25.25
149.8267,-22.0264
152.8033,-25.2533
152.5717,-25.1167
152.5455,-25.0748
152.8037,-25.2485
149.2953,-20.8251
152.9061,-25.2881
150.9667,-23.2167
152.8,-25.25
149.0742,-20.2837
152.8037,-25.2485
151.4678,-23.9965
152.99,-25.3183
149.8267,-22.0264
150.2567,-21.4854
152.4867,-24.9314
149.8121,-21.5763
149.8824,-21.4674
152.8,-25.25
152.4867,-24.9314
150.9667,-23.2167
152.8033,-25.2533
152.5455,-25.0748
152.99,-25.3183
149.8824,-21.4674
152.8033,-25.2533
152.4867,-24.9314
152.99,-25.3183
152.8033,-25.2533
150.9667,-23.2167
149.8121,-21.5763
149.2925,-21.2937
149.9099,-21.4832
152.5455,-25.0748
150.9667,-23.2167
138.3367,-16.74
150.3661,-21.4773
143.1327,-12.3487
149.1565,-20.677
151.4678,-23.9965
149.4513,-21.674
150.9667,-23.2167
148.3667,-19.7333
152.5455,-25.0748
152.8037,-25.2485
149.2951,-20.823
149.3006,-21.2951
150.2623,-21.4865
151.4678,-23.9965
149.2287,-20.7349
152.99,-25.3183
150.2614,-21.4872
151.4678,-23.9965
150.3661,-21.4773
148.3667,-19.7333
150.2567,-21.4854
149.4513,-21.674
149.0565,-20.6476
149.2942,-20.8242
141.6349,-13.3736
148.3667,-19.7333
152.6133,-25.1837
149.2628,-21.2728
148.3667,-19.7333
148.3667,-19.7333
149.2925,-21.2937
149.2925,-21.2937
149.2287,-20.7349
152.4867,-24.9314
149.2925,-21.2937
149.1565,-20.677
149.0742,-20.2837
149.1482,-20.6846
138.3367,-16.74
149.9099,-21.4832
149.3006,-21.2951
149.2951,-20.823
148.7659,-20.6817
149.2628,-21.2728
150.2623,-21.4865
148.7567,-20.6746
143.5167,-13.2615
149.2628,-21.2728
148.7611,-20.6711
149.0565,-20.6476
149.2953,-20.8251
149.1482,-20.6846
150.2614,-21.4872
149.165,-20.6692
141.5794,-12.9995
149.1565,-20.677
148.7611,-20.6711
149.0742,-20.2837
143.5167,-13.2615
149.1516,-20.6753
149.1456,-20.6904
148.8078,-20.4916
149.4513,-21.674
141.4242,-15.7171
149.1456,-20.6904
148.8078,-20.4916
140.9483,-17.0523
149.1456,-20.6904
148.7637,-20.6737
139.6181,-17.0987
149.1482,-20.6846
141.65200000000002,-13.3413
142.0024,-11.7569
148.7567,-20.6746
149.1456,-20.6904
149.2628,-21.2728
149.2942,-20.8242
149.4513,-21.674
140.9483,-17.0523
149.1516,-20.6753
149.1516,-20.6753
149.1505,-20.6695
142.0024,-11.7569
141.6349,-13.3736
149.1565,-20.677
139.0917,-17.0067
139.7533,-17.5783
149.1482,-20.6846
140.215,-17.7083
140.3458,-17.682000000000002
142.1179,-11.228
149.165,-20.6692
149.1516,-20.6753
141.4242,-15.7171
138.0,-16.55
148.7637,-20.6737
148.7659,-20.6817
138.0,-16.55
141.5732,-13.4834
139.155,-17.0333
142.1179,-11.228
140.9483,-17.0523
142.0333,-10.8667
139.6181,-17.0987
139.6067,-17.5067
141.616,-13.0506
138.1583,-16.6733
142.0682,-11.5326
142.0333,-10.8667
141.5794,-12.9995
141.5913,-15.2016
140.8235,-17.4609
141.6545,-13.2012
139.1408,-17.0797
141.5913,-15.2016
139.0917,-17.0067
141.6123,-13.0942
139.2033,-17.2838
141.3923,-15.9087
138.1583,-16.6733
140.9483,-17.0523
141.65200000000002,-13.3413
149.1505,-20.6695
141.6346,-15.1009
141.3923,-15.9087
142.0247,-11.6658
140.3458,-17.682000000000002
139.2033,-17.2838
140.215,-17.7083
139.7533,-17.5783
141.2699,-16.5522
142.0682,-11.5326
141.5946,-14.1053
142.0247,-11.6658
139.1408,-17.0797
139.7533,-17.5783
141.6346,-15.1009
139.495,-17.3933
141.6545,-13.2012
139.6067,-17.5067
141.616,-13.0506
141.2699,-16.5522
140.8235,-17.4609
139.5467,-17.4683
142.1,-10.9833
142.1,-10.9833
142.0333,-10.8667
139.155,-17.0333
139.9367,-17.645
142.0247,-11.6658
138.825,-16.8617
142.1,-10.9833
141.6123,-13.0942
139.15,-17.1482
140.5949,-17.5981
142.1,-10.9833
139.7533,-17.5783
141.0902,-16.8049
142.1,-10.9833
142.1,-10.9833
141.5717,-14.7735
139.495,-17.3933
139.5467,-17.4683
141.5922,-14.1644
139.155,-17.1698
142.1,-10.9833
141.5922,-14.1644
139.9367,-17.645
138.5367,-16.7833
141.5708,-14.7664
151.2933,-23.7167
141.5732,-13.4834
141.5946,-14.1053
141.4699,-13.9305
141.0902,-16.8049
142.1,-10.9833
142.1,-10.9833
142.1226,-11.370999999999999
139.0417,-16.9133
142.1,-10.9833
142.1,-10.9833
141.6349,-12.9091
140.9216,-17.215999999999998
140.9066,-17.248
141.6349,-12.9091
139.15,-17.1482
142.1,-10.9833
138.5367,-16.7833
140.9066,-17.248
141.5708,-14.7664
142.1,-10.9833
139.155,-17.1698
138.825,-16.8617
141.5717,-14.7735
140.5949,-17.5981
141.4699,-13.9305
151.37,-23.83
151.74,-24.0
151.63,-23.99
140.7339,-17.5141
151.42,-23.98
142.1226,-11.370999999999999
151.42,-23.98
149.3989,-21.4915
140.9216,-17.215999999999998
151.74,-24.0
151.63,-23.99
151.63,-23.99
140.7339,-17.5141
142.1,-10.9833
151.74,-24.0
151.74,-24.0
142.1,-10.9833
142.1,-10.9833
142.1,-10.9833
151.74,-24.0
142.1,-10.9833
151.3,-23.7167
151.74,-24.0
149.3947,-21.4935
142.1226,-11.370999999999999
151.2933,-23.7167
151.12,-23.58
151.3333,-23.7667
149.3947,-21.4935
151.12,-23.58
151.63,-23.99
139.0417,-16.9133
151.74,-24.0
151.12,-23.58
151.42,-23.98
151.12,-23.58
151.12,-23.58
151.37,-23.83
151.12,-23.58
151.12,-23.58
151.74,-24.0
151.12,-23.58
149.3989,-21.4915
149.3313,-21.4166
151.63,-23.99
151.12,-23.58
151.25,-23.6667
151.63,-23.99
151.42,-23.98
151.74,-24.0
151.3667,-23.95
151.12,-23.58
151.0,-23.4833
151.3333,-23.7667
151.12,-23.58
151.31,-23.87
149.8776,-22.0553
151.25,-23.6667
151.3667,-23.95
151.12,-23.58
151.2933,-23.7167
151.3667,-23.95
151.2333,-23.4833
151.3,-23.7167
149.8255,-21.8358
151.12,-23.58
151.31,-23.87
151.37,-23.83
151.12,-23.58
149.8776,-22.0553
151.2333,-23.4833
142.5159,-10.7014
151.3,-23.7167
151.3333,-23.7667
151.37,-23.83
149.3313,-21.4166
151.3667,-23.95
153.3667,-25.0
151.3,-23.7167
151.31,-23.87
149.3349,-21.4253
153.25,-24.72
149.8209,-21.831999999999997
149.8209,-21.831999999999997
153.25,-24.72
149.3349,-21.4253
151.25,-23.6667
153.3667,-25.0
153.25,-24.72
149.3349,-21.4253
151.31,-23.87
149.3313,-21.4166
149.8255,-21.8358
151.2333,-23.4833
153.25,-24.72
149.3349,-21.4253
151.3,-23.7167
150.3342,-22.2324
149.4335,-21.7588
142.5159,-10.7014
153.3667,-25.0
151.3667,-23.95
143.5814,-13.3769
142.5316,-10.6919
149.5863,-22.1413
149.4335,-21.7588
151.0,-23.4833
142.7777,-11.0643
153.25,-24.72
153.25,-24.72
149.5863,-22.1413
149.5767,-22.1214
149.3313,-21.4166
149.5863,-22.1413
149.4335,-21.7588
149.4335,-21.7588
153.3667,-25.0
142.5316,-10.6919
143.5814,-13.3769
142.5159,-10.7014
149.8066,-21.5716
142.5316,-10.6919
143.5113,-13.0625
153.25,-24.72
149.0911,-20.6754
142.7777,-11.0643
149.5715,-22.1257
143.2429,-12.3921
142.5159,-10.7014
149.5767,-22.1214
153.25,-24.72
149.8774,-21.9819
149.833,-21.3817
142.0733,-10.1194
149.5715,-22.1257
149.0914,-20.6766
142.8669,-11.3832
149.5715,-22.1257
150.3329,-22.2284
149.0911,-20.6754
149.0914,-20.6766
143.2429,-12.3921
149.2443,-21.1634
149.2198,-20.7545
149.2198,-20.7545
142.0733,-10.1194
149.5715,-22.1257
149.2443,-21.1634
149.216,-20.7568
150.3342,-22.2324
149.5767,-22.1214
149.1401,-20.678
149.5767,-22.1214
142.5316,-10.6919
150.3307,-22.2292
149.5863,-22.1413
149.216,-20.7568
149.2443,-21.1634
149.833,-21.3817
149.2197,-20.7555
148.8297,-20.7792
149.1401,-20.678
149.1972,-21.1656
150.3307,-22.2292
149.1972,-21.1656
149.1921,-21.186
149.8066,-21.5716
149.4673,-21.5408
143.5113,-13.0625
149.1921,-21.186
149.2443,-21.1634
150.2881,-22.2378
142.8669,-11.3832
149.1972,-21.1655
149.2197,-20.7555
149.66299999999998,-21.473000000000003
149.1752,-21.0347
149.66299999999998,-21.473000000000003
149.8774,-21.9819
149.1324,-20.5507
150.3329,-22.2284
149.66299999999998,-21.473000000000003
149.1401,-20.678
149.1921,-21.186
149.4673,-21.5408
149.1752,-21.0347
142.0962,-11.4559
149.2684,-20.7635
149.8217,-21.3728
149.1921,-21.186
149.3242,-21.4263
149.1972,-21.1655
149.7751,-21.675
149.126,-20.5499
149.7791,-21.6713
149.7806,-21.6024
149.66299999999998,-21.473000000000003
149.7806,-21.6024
149.8185,-21.3711
142.8572,-11.7154
149.833,-21.3817
149.1324,-20.5507
149.833,-21.3817
149.8117,-21.3682
142.0962,-11.4559
149.4673,-21.5408
149.7751,-21.675
149.1401,-20.678
149.1752,-21.0347
149.8307,-21.3788
149.4742,-21.5201
149.809,-21.6303
149.3242,-21.4263
149.8117,-21.3682
149.8262,-21.3685
148.8163,-20.5049
149.7791,-21.6713
149.1752,-21.0347
149.1679,-20.5928
149.8217,-21.3728
149.4673,-21.5408
149.7897,-21.604
148.7107,-20.6767
149.7804,-20.9876
149.8262,-21.3685
149.1679,-20.5928
149.9123,-21.4997
148.8297,-20.7792
148.7107,-20.6767
149.8307,-21.3788
149.8307,-21.3788
149.8185,-21.3711
148.8297,-20.7792
149.2684,-20.7635
149.3242,-21.4263
149.7804,-20.9876
148.7107,-20.6767
149.8307,-21.3788
149.8102,-21.6112
148.8163,-20.5049
149.8143,-21.6101
148.7159,-20.6649
149.809,-21.6303
149.8102,-21.6112
149.3242,-21.4263
142.34799999999998,-10.8848
149.8307,-21.3788
149.7989,-21.6263
149.471,-21.5233
148.7159,-20.6649
149.7989,-21.6263
149.7994,-21.6213
148.7107,-20.6767
149.4752,-21.5172
149.8102,-21.6112
142.8572,-11.7154
148.7159,-20.6649
149.4742,-21.5201
149.471,-21.5233
149.3535,-21.5048
142.3224,-10.9014
149.3535,-21.5048
148.8297,-20.7792
149.3535,-21.5048
148.7159,-20.6649
149.1151,-20.5994
149.8202,-21.6221
149.4752,-21.5172
149.7833,-21.6001
149.806,-21.5929
142.3224,-10.9014
149.3535,-21.5048
142.3631,-10.8589
149.7833,-21.6001
149.8164,-21.6221
149.806,-21.5929
149.491,-21.4245
149.8202,-21.6221
149.8143,-21.6101
149.9123,-21.4997
149.8143,-21.6101
149.126,-20.5499
142.3224,-10.9014
149.8102,-21.6112
149.8164,-21.6221
149.4742,-21.5201
149.491,-21.4245
150.0,-16.9333
149.6637,-21.7196
149.7994,-21.6213
149.8087,-21.5995
150.0167,-16.0333
148.6642,-20.5899
150.0,-16.95
149.7897,-21.604
149.8087,-21.5995
149.1833,-16.9333
149.8087,-21.5995
149.7897,-21.604
149.4742,-21.5201
148.6642,-20.5899
149.8087,-21.5995
149.491,-21.4245
148.8986,-20.8214
142.3631,-10.8589
142.3224,-10.9014
150.0,-16.9333
149.7897,-21.604
142.1,-10.9833
149.6606,-21.7173
150.0,-16.9333
150.0167,-16.0333
149.6704,-21.7188
149.8143,-21.6101
149.6631,-21.7212
149.6631,-21.7212
149.6653,-21.7218
142.34799999999998,-10.8848
149.491,-21.4245
148.8986,-20.8214
149.3908,-20.7761
142.3348,-10.8905
150.0,-16.95
149.7897,-21.604
142.3348,-10.8905
149.6631,-21.7212
149.1833,-16.9333
142.34799999999998,-10.8848
142.34799999999998,-10.8848
142.3348,-10.8905
150.0167,-16.0333
149.6722,-21.7168
142.3348,-10.8905
149.1833,-16.9333
149.6704,-21.7188
149.4724,-21.5917
149.3882,-20.7692
149.3902,-20.772
150.0,-16.95
149.4724,-21.5917
148.7504,-20.4742
149.1163,-20.6004
149.6653,-21.7218
149.6704,-21.7188
149.6704,-21.7188
149.3917,-20.7852
149.1163,-20.6004
142.3631,-10.8589
149.1833,-16.9333
142.3631,-10.8589
149.3924,-20.7886
149.6653,-21.7218
149.3924,-20.7886
139.495,-17.4167
150.0167,-16.0333
149.6606,-21.7173
149.1151,-20.5994
148.7504,-20.4742
149.6631,-21.7212
149.2312,-20.734
143.3557,-12.8386
141.6486,-15.0746
149.3867,-20.7798
150.0,-16.9333
149.3867,-20.7798
149.3938,-20.7836
149.6637,-21.7196
143.5438,-13.7054
143.5438,-13.7054
149.3917,-20.7852
149.2312,-20.734
149.8634,-22.146
149.3882,-20.7692
150.0,-16.95
143.5328,-12.8401
149.6631,-21.7212
149.6722,-21.7168
149.8634,-22.146
141.6486,-15.0746
151.95,-23.3333
149.7173,-21.4633
149.6637,-21.7196
149.3876,-20.7825
149.6653,-21.7218
149.4724,-21.5917
149.3967,-20.7812
149.3967,-20.7812
149.2733,-20.7823
141.5369,-14.5325
149.2746,-20.7904
143.6721,-14.0068
149.3908,-20.7761
149.2815,-20.7985
142.2797,-10.6906
149.3944,-20.7778
149.2746,-20.7904
149.7173,-21.4633
149.6637,-21.7196
149.4632,-21.9109
149.3876,-20.7825
149.4724,-21.5917
143.6721,-14.0068
149.4632,-21.9109
149.3967,-20.7812
149.3938,-20.7836
151.95,-23.3333
142.8551,-11.6329
149.3967,-20.7812
149.8933,-21.971999999999998
149.3944,-20.7778
143.5328,-12.8401
151.95,-23.3333
149.2952,-20.796
148.8405,-20.8254
151.95,-23.3333
149.2952,-20.796
149.2815,-20.7985
148.8405,-20.8254
151.95,-23.3333
141.6182,-14.9201
143.3557,-12.8386
149.2733,-20.7823
141.5369,-14.5325
151.95,-23.3333
149.2815,-20.7985
149.3902,-20.772
151.95,-23.3333
149.8933,-21.971999999999998
151.95,-23.3333
142.2797,-10.6906
151.95,-23.3333
152.0833,-23.5167
149.4632,-21.9109
139.495,-17.4167
151.7833,-23.25
149.2746,-20.7904
151.95,-23.3333
151.95,-23.3333
151.95,-23.3333
151.95,-23.3333
151.7833,-23.25
149.4632,-21.9109
151.95,-23.3333
151.95,-23.3333
151.95,-23.3333
151.7833,-23.25
152.0833,-23.5167
151.95,-23.3333
149.2746,-20.7904
141.6182,-14.9201
151.9167,-23.3
151.9167,-23.3
151.95,-23.3333
149.2815,-20.7985
151.95,-23.3333
151.95,-23.3333
151.95,-23.3333
151.7,-23.3
151.7833,-23.25
151.95,-23.3333
151.7,-23.3
152.0833,-23.5167
151.7833,-23.25
151.9167,-23.3
151.7,-23.3
152.0833,-23.5167
151.95,-23.3333
151.9167,-23.3
151.95,-23.3333
151.9167,-23.3
151.7,-23.3
151.7833,-23.25
151.7,-23.3
151.95,-23.3333
142.8551,-11.6329
152.0833,-23.5167
151.9167,-23.3
151.7,-23.3
151.7,-23.3
151.95,-23.3333
151.9167,-23.3
151.7,-23.3
151.7833,-23.25
151.7,-23.3
151.95,-23.3333
152.3833,-23.9
151.7,-23.3
151.7333,-23.55
151.7,-23.3
151.9167,-23.3
151.7333,-23.55
152.0833,-23.5167
152.3833,-23.9
151.7,-23.3
152.3833,-23.9
152.0833,-23.5167
151.7,-23.3
151.7,-23.3
151.7,-23.3
151.95,-23.3333
151.7833,-23.25
152.0833,-23.5167
151.9,-23.1833
151.7,-23.3
151.9,-23.1833
151.7333,-23.55
151.7333,-23.55
152.0833,-23.5167
151.7,-23.3
152.0833,-23.5167
151.7,-23.3
152.7167,-24.1167
151.7,-23.3
152.72,-24.12
151.7,-23.3
152.72,-24.12
152.3833,-23.9
152.3833,-23.9
152.7167,-24.1167
151.7333,-23.55
152.3833,-23.9
151.7,-23.3
152.3833,-23.9
152.0833,-23.5167
151.7,-23.3
151.9,-23.1833
151.7,-23.3
151.9,-23.1833
152.3833,-23.9
152.3833,-23.9
152.3833,-23.9
152.3833,-23.9
151.7,-23.3
152.3833,-23.9
151.7333,-23.55
151.7333,-23.55
151.7,-23.3
152.3833,-23.9
151.9167,-23.433000000000003
151.9167,-23.433000000000003
152.72,-24.12
152.3833,-23.9
151.9167,-23.433000000000003
151.9167,-23.433000000000003
152.3833,-23.9
152.7167,-24.1167
152.3,-23.8
151.7333,-23.55
152.72,-24.12
151.7,-23.3
152.3833,-23.9
152.3833,-23.9
152.3,-23.8
152.3833,-23.9
152.3833,-23.9
152.3833,-23.9
152.3833,-23.9
151.9167,-23.433000000000003
151.9167,-23.433000000000003
152.3,-23.8
152.3833,-23.9
152.3,-23.8
151.9167,-23.433000000000003
151.9167,-23.433000000000003
151.9167,-23.433000000000003
152.3,-23.8
152.3833,-23.9
151.9167,-23.433000000000003
151.9167,-23.433000000000003
152.7167,-24.1167
152.3833,-23.9
152.7167,-24.1167
151.9167,-23.433000000000003
151.9167,-23.433000000000003
151.9167,-23.433000000000003
152.3,-23.8
151.9167,-23.433000000000003
151.9167,-23.433000000000003
152.3,-23.8
152.7167,-24.1167
152.7167,-24.1167
151.9167,-23.433000000000003
152.3,-23.8
151.9167,-23.433000000000003
151.9167,-23.433000000000003
151.9167,-23.433000000000003
151.9167,-23.433000000000003
151.9167,-23.433000000000003
151.9167,-23.433000000000003
151.9167,-23.433000000000003
151.9167,-23.433000000000003
151.9167,-23.433000000000003
152.7167,-24.1167
151.9167,-23.433000000000003
151.9167,-23.433000000000003
151.9167,-23.433000000000003
151.9167,-23.433000000000003
151.9167,-23.433000000000003
151.9167,-23.433000000000003
151.9167,-23.433000000000003
151.9167,-23.433000000000003
151.9167,-23.433000000000003
151.9167,-23.433000000000003
151.9167,-23.433000000000003
151.9167,-23.433000000000003
151.9167,-23.433000000000003
151.9167,-23.433000000000003
151.9167,-23.433000000000003
151.9167,-23.433000000000003
151.9167,-23.433000000000003
151.9167,-23.433000000000003
151.9167,-23.433000000000003
151.9167,-23.433000000000003
151.9167,-23.433000000000003
151.9167,-23.433000000000003
151.9167,-23.433000000000003
151.9167,-23.433000000000003
151.9167,-23.433000000000003
151.9167,-23.433000000000003
151.9167,-23.433000000000003
151.9167,-23.433000000000003
151.9167,-23.433000000000003
151.9167,-23.433000000000003
151.9167,-23.433000000000003
151.9167,-23.433000000000003
151.9167,-23.433000000000003
151.9167,-23.433000000000003
151.9167,-23.433000000000003
151.9167,-23.433000000000003
151.9167,-23.433000000000003
151.9167,-23.433000000000003
151.9167,-23.433000000000003
151.9167,-23.433000000000003
151.9167,-23.433000000000003
151.9167,-23.433000000000003
151.9167,-23.433000000000003
151.9167,-23.433000000000003
151.9167,-23.433000000000003
143.5952,-13.415
151.7667,-23.5
151.9167,-23.433000000000003
151.7667,-23.5
151.7667,-23.5
151.9167,-23.433000000000003
152.3667,-23.85
151.9167,-23.433000000000003
151.9167,-23.433000000000003
152.3667,-23.85
151.9167,-23.433000000000003
151.9167,-23.433000000000003
151.9167,-23.433000000000003
151.9167,-23.433000000000003
151.9167,-23.433000000000003
151.9167,-23.433000000000003
151.9167,-23.433000000000003
151.9167,-23.433000000000003
151.9167,-23.433000000000003
151.9167,-23.433000000000003
151.9167,-23.433000000000003
151.9167,-23.433000000000003
151.9167,-23.433000000000003
151.7667,-23.5
151.7667,-23.5
149.7986,-21.8488
149.4643,-21.5479
151.9167,-23.433000000000003
152.3667,-23.85
151.9167,-23.433000000000003
149.7986,-21.8488
151.9167,-23.433000000000003
143.4369,-12.6132
142.8335,-11.5612
151.9167,-23.433000000000003
143.5436,-12.8446
143.2728,-12.409
151.9333,-23.2667
151.9167,-23.433000000000003
149.622,-20.7624
151.7667,-23.5
151.9167,-23.433000000000003
151.9167,-23.433000000000003
151.9167,-23.433000000000003
151.9167,-23.433000000000003
149.4643,-21.5479
143.4178,-12.6781
151.7667,-23.5
143.2728,-12.409
143.4178,-12.6781
149.4643,-21.5479
151.7667,-23.5
148.9259,-20.5427
145.9728,-16.7605
145.9736,-16.6084
151.9167,-23.433000000000003
149.6137,-20.7723
151.9333,-23.2667
145.9334,-16.6717
145.9334,-16.6717
143.5952,-13.415
149.6137,-20.7723
143.5436,-12.8446
145.9736,-16.6084
145.9334,-16.6175
143.2439,-11.9744
149.6137,-20.7723
148.9259,-20.5427
143.2439,-11.9744
145.9736,-16.6084
142.8335,-11.5612
145.9353,-16.633
145.7167,-16.8
145.7167,-16.8
145.7121,-16.8025
149.4643,-21.5479
145.7121,-16.8025
152.2,-24.6563
145.9353,-16.633
143.4369,-12.6132
150.0667,-20.95
150.0667,-20.95
145.5667,-16.3833
150.0667,-20.95
149.6137,-20.7723
145.9334,-16.6175
149.1492,-20.9833
145.9736,-16.6084
149.622,-20.7624
145.7167,-16.8
150.0667,-20.95
150.0667,-20.95
145.7167,-16.8
145.7121,-16.8025
150.0667,-20.95
145.4,-16.4333
150.0667,-20.95
149.8933,-21.9971
150.0667,-20.95
145.6774,-16.7702
150.0667,-20.95
145.4,-16.4333
152.1081,-24.5855
145.6774,-16.7702
152.2,-24.6563
152.2,-24.6563
147.5969,-19.65
145.5667,-16.3833
149.6137,-20.7723
152.2,-24.6563
147.5969,-19.65
150.0667,-20.95
152.2,-24.6563
152.2,-24.6563
149.8933,-21.9971
150.0667,-20.95
149.1492,-20.9833
150.0667,-20.95
150.0667,-20.95
145.6774,-16.7702
152.2,-24.6563
152.2,-24.6563
152.2,-24.6563
152.2,-24.6563
152.2,-24.6563
150.0667,-20.95
152.1081,-24.5855
145.9728,-16.7605
152.2,-24.6563
152.3649,-24.7316
152.3649,-24.7316
147.5969,-19.65
152.062,-24.5203
152.2,-24.6563
152.2,-24.6563
152.2,-24.6563
152.2,-24.6563
152.3649,-24.7316
152.2,-24.6563
152.3649,-24.7316
152.1081,-24.5855
152.2,-24.6563
152.2,-24.6563
152.2,-24.6563
152.2,-24.6563
152.1081,-24.5855
152.1081,-24.5855
152.1081,-24.5855
152.3649,-24.7316
152.3649,-24.7316
152.2,-24.6563
152.062,-24.5203
152.2,-24.6563
149.1516,-20.7414
152.1081,-24.5855
152.2,-24.6563
149.1424,-20.7381
152.1081,-24.5855
152.062,-24.5203
152.3649,-24.7316
152.3649,-24.7316
152.3649,-24.7316
152.062,-24.5203
152.3649,-24.7316
152.3649,-24.7316
152.3649,-24.7316
152.1081,-24.5855
152.1081,-24.5855
152.1081,-24.5855
149.1516,-20.7414
152.062,-24.5203
152.062,-24.5203
152.062,-24.5203
149.1494,-20.7418
152.062,-24.5203
148.871,-20.8059
152.3649,-24.7316
149.2489,-20.8076
152.1081,-24.5855
152.3649,-24.7316
152.062,-24.5203
148.8548,-20.7849
152.062,-24.5203
152.062,-24.5203
152.062,-24.5203
152.062,-24.5203
149.1494,-20.7418
149.2803,-20.8063
152.062,-24.5203
149.1483,-20.7416
152.062,-24.5203
152.062,-24.5203
148.8773,-20.7985
149.1448,-20.7408
148.871,-20.8059
149.2667,-20.7952
152.062,-24.5203
149.2463,-20.8109
149.2569,-20.8025
148.847,-20.7889
149.2489,-20.8076
149.2733,-20.7994
148.8548,-20.7849
148.847,-20.7889
152.3649,-24.7316
149.1483,-20.7416
149.2733,-20.7994
,
149.2667,-20.7952
,
148.8773,-20.7985
149.2541,-20.8057
149.2645,-20.8087
149.1424,-20.7381
148.847,-20.7889
149.2594,-20.8076
149.2733,-20.7994
148.2894,-20.1046
148.847,-20.7889
149.2645,-20.8087
149.2463,-20.8109
149.2803,-20.8063
149.2569,-20.8025
149.2747,-20.814
149.2829,-20.816
149.8725,-21.4572
149.1448,-20.7408
149.2541,-20.8057
143.5202,-13.174000000000001
149.2594,-20.8076
149.2803,-20.8063
149.2747,-20.814
149.8664,-21.6075
149.2803,-20.8063
149.2733,-20.7994
149.2645,-20.8087
149.2829,-20.816
149.2829,-20.816
149.2747,-20.814
149.2594,-20.8076
143.0932,-12.2597
149.2708,-20.8076
149.8664,-21.6075
149.2594,-20.8076
151.23,-21.82
148.2894,-20.1046
149.8725,-21.4572
149.0638,-20.635
149.2747,-20.814
149.4716,-21.7177
149.0137,-20.9403
149.2829,-20.816
149.0638,-20.635
148.2894,-20.1046
149.2645,-20.8087
148.7771,-20.7337
148.2894,-20.1046
148.6671,-20.5763
149.0137,-20.9403
149.2708,-20.8076
148.2894,-20.1046
143.5202,-13.174000000000001
148.6671,-20.5763
149.0137,-20.9403
148.2894,-20.1046
148.7771,-20.7337
149.1854,-20.6019
149.0692,-20.6645
143.0932,-12.2597
149.4516,-21.6914
148.6671,-20.5763
149.4704,-21.8431
148.6671,-20.5763
149.2708,-20.8076
149.1854,-20.6019
148.7326,-20.7178
149.0137,-20.9403
148.7326,-20.7178
149.6604,-21.9515
149.4716,-21.7177
148.7326,-20.7178
149.6523,-21.9594
149.6587,-21.9624
149.4516,-21.6914
151.23,-21.82
149.6528,-21.9621
148.7771,-20.7337
151.23,-21.82
149.4516,-21.6914
149.6523,-21.9594
148.7326,-20.7178
149.4704,-21.8431
149.4716,-21.7177
148.7771,-20.7337
149.0692,-20.6645
149.6587,-21.9624
149.6604,-21.9515
149.5774,-21.9581
149.5774,-21.9581
149.6589,-21.9593
149.6585,-21.9872
142.1656,-10.2202
149.6583,-21.9555
149.6639,-21.9744
149.4637,-20.927
149.6594,-21.9474
149.4716,-21.7177
149.6598,-21.9673
149.4516,-21.6914
149.4704,-21.8431
149.6528,-21.9621
142.1656,-10.2202
149.6639,-21.9744
149.5465,-21.031
149.6599,-21.9677
149.6583,-21.9555
149.6599,-21.9677
149.6598,-21.9673
149.5465,-21.031
149.6643,-21.9771
149.4703,-20.9301
149.6639,-21.9744
149.4704,-21.8431
149.6643,-21.9771
149.5573,-21.9886
149.6639,-21.9744
149.6589,-21.9593
149.5716,-21.9851
149.4637,-20.927
149.4703,-20.9301
149.6598,-21.9673
149.6594,-21.9474
149.072,-20.6268
149.6585,-21.9872
149.3522,-21.4945
149.5716,-21.9851
149.469,-20.9307
149.65200000000002,-21.9784
149.6643,-21.9771
149.4822,-20.9392
149.6643,-21.9771
149.4747,-20.9314
149.072,-20.628
149.6598,-21.9673
149.3522,-21.4945
149.5766,-21.9699
149.072,-20.6268
149.65200000000002,-21.9784
149.5573,-21.9886
149.1611,-20.7578
149.0631,-20.6156
149.0641,-20.619
149.3522,-21.4945
149.5766,-21.9699
149.469,-20.9307
150.9733,-23.15
149.4822,-20.9392
150.985,-23.1933
149.072,-20.628
150.9683,-23.2
150.9733,-23.15
150.985,-23.1933
149.5766,-21.9699
149.5573,-21.9886
149.5573,-21.9886
149.3445,-21.4824
149.3445,-21.4824
149.5766,-21.9699
149.0631,-20.6156
150.9583,-23.1917
150.97,-23.215
148.92700000000002,-20.8622
149.4747,-20.9314
150.9033,-23.1533
149.1594,-20.7541
150.9317,-23.17
150.9683,-23.2
150.9583,-23.1917
149.1611,-20.7578
150.97,-23.215
149.3522,-21.4945
151.0983,-23.2017
150.9517,-23.1683
150.9317,-23.17
150.985,-23.1933
148.92700000000002,-20.8622
149.0641,-20.619
150.9517,-23.1683
149.3445,-21.4824
150.9583,-23.1917
149.1594,-20.7541
150.9383,-23.2
150.9733,-23.15
150.9683,-23.2
151.0983,-23.2017
150.9517,-23.1683
150.9183,-23.1683
149.3445,-21.4824
151.0833,-23.155
150.9033,-23.1533
150.8933,-23.0567
151.1583,-23.1733
150.9183,-23.1683
150.9,-23.095
150.9383,-23.2
150.9183,-23.1683
150.9033,-23.1533
150.9917,-23.1183
150.8867,-23.085
151.0983,-23.2017
150.97,-23.215
150.9317,-23.17
150.9033,-23.0917
150.8933,-23.0567
150.9583,-23.1917
151.0833,-23.155
151.1583,-23.1733
151.0733,-23.16
150.8867,-23.085
150.9183,-23.1683
150.8967,-23.1
150.95,-23.065
150.9383,-23.2
150.7767,-22.965
150.9033,-23.0917
150.8967,-23.1
150.8017,-23.1733
150.9917,-23.1183
151.0733,-23.16
150.95,-23.065
150.9917,-23.1183
150.95,-23.065
150.8783,-23.0483
150.75,-23.13
150.9,-23.095
151.0833,-23.155
151.1583,-23.1733
150.8017,-23.1733
150.7533,-23.1033
150.8867,-23.085
150.885,-23.0517
150.7533,-23.1033
150.9,-23.095
150.885,-23.0517
150.8933,-23.0567
150.75,-23.13
151.0733,-23.16
150.8767,-23.04
150.8017,-23.1733
150.8183,-23.2233
150.75,-23.13
150.825,-23.2817
150.8783,-23.0483
150.7967,-23.185
150.825,-23.2817
150.8767,-23.04
150.8767,-23.04
150.7633,-23.1467
150.8783,-23.0483
150.8183,-23.2233
150.8267,-23.2367
150.8967,-23.1
150.7767,-22.965
150.9033,-23.0917
150.7533,-23.1033
150.7933,-23.1583
150.7767,-22.965
150.7633,-23.1467
150.8267,-23.2367
150.7933,-23.1583
150.8267,-23.2367
150.885,-23.0517
150.7867,-23.205
150.8883,-23.2817
150.83,-23.2583
150.8133,-23.29
150.9433,-23.3633
150.8017,-23.2033
150.8683,-23.245
150.83,-23.2583
150.8017,-23.2033
150.7867,-23.205
150.9233,-23.3083
150.7933,-23.1583
150.8133,-23.29
150.8883,-23.2817
150.9283,-23.335
150.7917,-23.325
150.825,-23.2817
150.8017,-23.2033
150.7867,-23.205
150.7633,-23.1467
150.9233,-23.3083
150.7967,-23.185
150.7967,-23.185
150.9383,-23.355
150.8183,-23.2233
150.8717,-23.2417
150.8133,-23.3567
150.8683,-23.245
150.8333,-23.2883
150.8717,-23.2417
150.825,-23.3033
150.9383,-23.355
150.9433,-23.3633
150.8717,-23.2417
150.8133,-23.29
150.9283,-23.335
151.06,-23.45
150.99,-23.4817
150.83,-23.2583
150.8683,-23.245
151.06,-23.45
150.825,-23.3033
150.7933,-23.34
150.99,-23.4817
150.7917,-23.325
150.7917,-23.325
150.9433,-23.3633
150.7933,-23.34
150.8883,-23.2817
150.9233,-23.3083
150.8483,-23.3183
150.8483,-23.3183
149.3816,-21.5164
150.8333,-23.2883
151.0983,-23.4767
151.0833,-23.4767
150.8133,-23.3567
150.99,-23.4817
151.015,-23.4533
150.9283,-23.335
151.06,-23.45
149.3816,-21.5164
150.8483,-23.3183
151.015,-23.4533
151.1833,-23.41
151.1533,-23.4033
150.8333,-23.2883
150.7933,-23.34
151.1833,-23.41
149.3816,-21.5164
150.825,-23.3033
151.1533,-23.4033
151.0833,-23.4767
150.9383,-23.355
150.8133,-23.3567
151.2367,-23.49
151.1167,-23.49
151.1067,-23.485
151.1067,-23.485
151.1167,-23.49
151.2517,-23.66
151.2033,-23.5333
151.0833,-23.4767
151.1833,-23.41
151.1683,-23.4183
151.1067,-23.485
151.1533,-23.4033
151.2517,-23.66
151.015,-23.4533
151.0983,-23.4767
151.0983,-23.4767
149.3816,-21.5164
151.3167,-23.7667
151.2033,-23.5333
151.2683,-23.6633
151.1167,-23.49
151.1683,-23.4183
151.2683,-23.6633
151.2683,-23.6633
151.3167,-23.7667
151.3333,-23.755
151.3917,-23.8683
151.2267,-23.585
149.3832,-21.5088
151.2267,-23.585
151.2717,-23.5367
151.2717,-23.5367
151.2033,-23.5333
151.2717,-23.665
149.3832,-21.5088
151.2717,-23.665
151.3167,-23.7667
151.2717,-23.5367
149.3832,-21.5088
151.3333,-23.755
151.2267,-23.585
151.1683,-23.4183
151.3867,-23.8767
151.3867,-23.8767
151.3233,-23.8767
151.2367,-23.49
151.2367,-23.49
151.3233,-23.8767
151.3567,-23.8
151.2517,-23.66
151.3567,-23.9367
151.3917,-23.8683
151.3233,-23.8767
151.2717,-23.665
151.565,-24.01
149.4656,-21.9319
151.4367,-23.995
149.4656,-21.9319
149.4656,-21.9319
151.605,-24.0383
149.3832,-21.5088
151.605,-24.0383
149.4656,-21.9319
151.6417,-23.9783
151.565,-24.01
151.605,-24.0383
151.6417,-23.9783
151.3567,-23.8
151.3567,-23.9367
151.3567,-23.8
151.3867,-23.8767
151.3917,-23.8683
151.3733,-23.8817
151.3333,-23.755
151.3733,-23.8817
151.4667,-23.9967
151.4367,-23.995
151.6233,-23.975
151.7367,-24.01
151.3567,-23.9367
151.7733,-23.98
151.565,-24.01
151.775,-23.995
151.775,-23.995
151.6417,-23.9783
151.7733,-23.98
151.7667,-24.0117
151.4667,-23.9967
151.69,-24.01
151.3733,-23.8817
151.6233,-23.975
151.545,-24.0183
151.6533,-23.9833
151.765,-24.0167
151.545,-24.0183
151.6533,-23.9833
151.7667,-24.0317
151.4367,-23.995
151.545,-24.0183
151.4667,-23.9967
151.69,-24.01
151.7667,-24.0117
151.7667,-24.1233
151.9167,-24.21
151.7367,-24.01
151.8833,-24.1517
151.6533,-23.9833
151.7667,-24.0317
151.765,-24.0167
151.9167,-24.21
151.7617,-24.0367
151.7433,-24.0067
151.4833,-23.9567
141.4982,-13.7096
151.7617,-24.0367
151.6233,-23.975
151.7433,-24.0067
151.7433,-24.0067
151.4833,-23.9567
151.7367,-24.01
141.6492,-12.4423
151.7733,-23.98
151.765,-24.0167
151.775,-23.995
151.69,-24.01
141.3217,-16.3344
142.1553,-11.1239
151.845,-24.1733
141.3879,-16.1618
151.7667,-24.0317
141.6294,-14.9417
151.4833,-23.9567
151.7667,-24.1233
151.845,-24.1733
141.4315,-16.0786
151.7667,-24.0117
151.9167,-24.21
141.3879,-16.1618
151.7617,-24.0367
142.1553,-11.1239
142.1001,-10.2936
151.7667,-24.1233
151.8833,-24.1517
151.8833,-24.1517
138.579,-16.776
142.0998,-10.2773
141.8232,-12.0309
151.845,-24.1733
138.8842,-16.875
139.075,-16.99
143.5867,-13.8569
143.3837,-12.7264
143.5343,-13.3413
142.1448,-10.2102
143.3948,-12.75
141.3862,-15.9435
143.1723,-12.3441
143.3629,-12.7814
142.1495,-11.0866
143.1942,-12.3516
143.3912,-12.7151
142.8306,-11.4373
138.8842,-16.875
141.8232,-12.0309
142.1074,-10.3457
141.6294,-14.9417
142.0717,-10.2657
141.4982,-13.7096
139.075,-16.99
141.6492,-12.4423
141.3217,-16.3344
142.1495,-11.0866
143.3937,-12.7434
141.3862,-15.9435
141.4315,-16.0786
143.3523,-12.5653
143.5485,-12.8874
142.8552,-11.8466
143.5298,-12.8448
143.404,-12.7589
143.5493,-13.6318
142.3821,-10.7038
142.7923,-11.1973
142.8992,-11.8733
142.2089,-9.9619
143.5039,-12.9853
138.579,-16.776
143.51,-12.9944
143.1197,-12.1156
143.4596,-12.8616
143.5831,-13.4804
142.8576,-11.7552
143.0941,-12.2052
143.0914,-12.1852
143.2499,-12.3938
143.5064,-12.9217
143.265,-12.3961
141.1888,-16.7132
143.16299999999998,-12.3465
142.0686,-10.0727
142.8517,-11.825999999999999
143.1722,-11.9748
143.0819,-12.1614
143.2357,-11.9869
143.1634,-12.0397
143.0961,-12.2205
143.2745,-12.4396
142.2094,-9.9516
143.1053,-12.1363
142.2083,-9.9565
143.2271,-11.9903
140.9518,-17.1101
143.0954,-11.895999999999999
142.0998,-10.2773
142.1001,-10.2936
142.1678,-10.2019
142.3921,-10.7764
142.1166,-10.1928
142.3689,-10.7149
142.3929,-10.7632
142.0888,-10.093
142.0759,-10.2389
142.4128,-10.727
142.1074,-10.3457
143.1359,-12.0881
140.9066,-17.248
142.0803,-10.1015
142.1448,-10.2102
142.0945,-10.2751
142.0929,-10.2749
142.0913,-10.3191
142.0717,-10.2657
142.1006,-10.2841
142.1523,-10.2237
142.3863,-10.7693
142.3821,-10.7038
142.1037,-10.2738
142.3429,-10.7173
142.0817,-10.2447
142.3504,-10.7074
143.3912,-12.7151
143.3837,-12.7264
143.404,-12.7589
143.4596,-12.8616
143.5831,-13.4804
143.5493,-13.6318
143.3948,-12.75
143.1723,-12.3441
143.16299999999998,-12.3465
143.51,-12.9944
143.5867,-13.8569
142.4101,-10.7416
143.5298,-12.8448
143.3523,-12.5653
143.5064,-12.9217
142.8306,-11.4373
143.3629,-12.7814
143.5343,-13.3413
143.2499,-12.3938
143.1942,-12.3516
143.3937,-12.7434
143.5485,-12.8874
143.2745,-12.4396
143.265,-12.3961
143.5039,-12.9853
143.0961,-12.2205
143.0914,-12.1852
142.8517,-11.825999999999999
143.1053,-12.1363
142.0686,-10.0727
143.0954,-11.895999999999999
142.8552,-11.8466
142.0888,-10.093
142.8576,-11.7552
143.1722,-11.9748
143.2271,-11.9903
143.1359,-12.0881
143.0819,-12.1614
142.7923,-11.1973
143.0941,-12.2052
141.1888,-16.7132
140.9518,-17.1101
142.2089,-9.9619
143.1197,-12.1156
142.2083,-9.9565
140.9066,-17.248
143.2357,-11.9869
143.1634,-12.0397
142.8992,-11.8733
142.2094,-9.9516
142.0717,-10.2657
142.1523,-10.2237
142.0998,-10.2773
142.1678,-10.2019
142.4128,-10.727
142.0913,-10.3191
142.1006,-10.2841
142.0803,-10.1015
142.0929,-10.2749
142.1001,-10.2936
142.3689,-10.7149
142.3504,-10.7074
142.3821,-10.7038
142.3863,-10.7693
142.3929,-10.7632
142.4101,-10.7416
142.1166,-10.1928
142.1074,-10.3457
142.3921,-10.7764
142.0759,-10.2389
142.1448,-10.2102
142.0945,-10.2751
142.3429,-10.7173
142.1037,-10.2738
142.0817,-10.2447
